TF_NAME,MAPPING,MCT_NAME,BATCH_SCRIPT_NAME,PYTHON_SCRIPT_NAME,HIST_TABLE,STG_TABLE,HIST_COL_NAME,STG_COL_NAME,DELETED_COL_NAME,PK1,PK2,PK3,PK4,PK5,PK6,PK7,PK8,PK9,PK10,PK11,PK12,PK13,PK14,PK15,PK16,PK17,PK18,PK19,PK20,PK21,PK22,PK23,PK24
tf_NEO_PSFT_SNWFLKSTG_SNWFLKHIST,m_NEO_PSFT_SNWFLKSTG_SNWFLKHIST_DUMMY,mct_NEO_PSFT_SNWFLKSTG_SNWFLKHIST_PSFT_PSTREEDEFN,Hist_Merge_PSFT_PSTREEDEFN.bat,Hist_Merge_PSFT_PSTREEDEFN.py,PSFT_PSTREEDEFN_HIST,PSFT_PSTREEDEFN_STG,"SETID ,SETCNTRLVALUE ,TREE_NAME ,EFFDT ,EFF_STATUS ,VERSION ,TREE_STRCT_ID ,DESCR ,ALL_VALUES ,USE_LEVELS ,VALID_TREE ,LEVEL_COUNT ,NODE_COUNT ,LEAF_COUNT ,TREE_HAS_RANGES ,DUPLICATE_LEAF ,TREE_CATEGORY ,TREE_ACC_METHOD ,TREE_ACC_SELECTOR ,TREE_ACC_SEL_OPT ,LASTUPDDTTM ,LASTUPDOPRID ,TREE_IMAGE ,BRANCH_IMAGE ,NODECOL_IMAGE ,NODEEXP_IMAGE ,LEAF_IMAGE ,SOURCE_SYSTEM_WID ,INSERT_DATE ,MD5_HASH ,MD5_HASH_PK","STG.SETID ,STG.SETCNTRLVALUE ,STG.TREE_NAME ,STG.EFFDT ,STG.EFF_STATUS ,STG.VERSION ,STG.TREE_STRCT_ID ,STG.DESCR ,STG.ALL_VALUES ,STG.USE_LEVELS ,STG.VALID_TREE ,STG.LEVEL_COUNT ,STG.NODE_COUNT ,STG.LEAF_COUNT ,STG.TREE_HAS_RANGES ,STG.DUPLICATE_LEAF ,STG.TREE_CATEGORY ,STG.TREE_ACC_METHOD ,STG.TREE_ACC_SELECTOR ,STG.TREE_ACC_SEL_OPT ,STG.LASTUPDDTTM ,STG.LASTUPDOPRID ,STG.TREE_IMAGE ,STG.BRANCH_IMAGE ,STG.NODECOL_IMAGE ,STG.NODEEXP_IMAGE ,STG.LEAF_IMAGE ,STG.SOURCE_SYSTEM_WID ,STG.ETL_INSERT_DATE ,STG.MD5_HASH ,STG.MD5_HASH_PK","DELETED.SETID ,DELETED.SETCNTRLVALUE ,DELETED.TREE_NAME ,DELETED.EFFDT ,DELETED.EFF_STATUS ,DELETED.VERSION ,DELETED.TREE_STRCT_ID ,DELETED.DESCR ,DELETED.ALL_VALUES ,DELETED.USE_LEVELS ,DELETED.VALID_TREE ,DELETED.LEVEL_COUNT ,DELETED.NODE_COUNT ,DELETED.LEAF_COUNT ,DELETED.TREE_HAS_RANGES ,DELETED.DUPLICATE_LEAF ,DELETED.TREE_CATEGORY ,DELETED.TREE_ACC_METHOD ,DELETED.TREE_ACC_SELECTOR ,DELETED.TREE_ACC_SEL_OPT ,DELETED.LASTUPDDTTM ,DELETED.LASTUPDOPRID ,DELETED.TREE_IMAGE ,DELETED.BRANCH_IMAGE ,DELETED.NODECOL_IMAGE ,DELETED.NODEEXP_IMAGE ,DELETED.LEAF_IMAGE ,DELETED.SOURCE_SYSTEM_WID ,DELETED.INSERT_DATE ,DELETED.MD5_HASH ,DELETED.MD5_HASH_PK",SETID,SETCNTRLVALUE,TREE_NAME,EFFDT,,,,,,,,,,,,,,,,,,,,
tf_NEO_PSFT_SNWFLKSTG_SNWFLKHIST,m_NEO_PSFT_SNWFLKSTG_SNWFLKHIST_DUMMY,mct_NEO_PSFT_SNWFLKSTG_SNWFLKHIST_PSFT_PSTREELEAF,Hist_Merge_PSFT_PSTREELEAF.bat,Hist_Merge_PSFT_PSTREELEAF.py,PSFT_PSTREELEAF_HIST,PSFT_PSTREELEAF_STG,"SETID ,SETCNTRLVALUE ,TREE_NAME ,EFFDT ,TREE_NODE_NUM ,RANGE_FROM ,RANGE_TO ,TREE_BRANCH ,DYNAMIC_RANGE ,OLD_TREE_NODE_NUM ,LEAF_IMAGE ,SOURCE_SYSTEM_WID ,INSERT_DATE ,MD5_HASH ,MD5_HASH_PK","STG.SETID ,STG.SETCNTRLVALUE ,STG.TREE_NAME ,STG.EFFDT ,STG.TREE_NODE_NUM ,STG.RANGE_FROM ,STG.RANGE_TO ,STG.TREE_BRANCH ,STG.DYNAMIC_RANGE ,STG.OLD_TREE_NODE_NUM ,STG.LEAF_IMAGE ,STG.SOURCE_SYSTEM_WID ,STG.ETL_INSERT_DATE ,STG.MD5_HASH ,STG.MD5_HASH_PK","DELETED.SETID ,DELETED.SETCNTRLVALUE ,DELETED.TREE_NAME ,DELETED.EFFDT ,DELETED.TREE_NODE_NUM ,DELETED.RANGE_FROM ,DELETED.RANGE_TO ,DELETED.TREE_BRANCH ,DELETED.DYNAMIC_RANGE ,DELETED.OLD_TREE_NODE_NUM ,DELETED.LEAF_IMAGE ,DELETED.SOURCE_SYSTEM_WID ,DELETED.INSERT_DATE ,DELETED.MD5_HASH ,DELETED.MD5_HASH_PK",SETID,SETCNTRLVALUE,TREE_NAME,EFFDT,TREE_NODE_NUM,RANGE_FROM,RANGE_TO,,,,,,,,,,,,,,,,,
tf_NEO_PSFT_SNWFLKSTG_SNWFLKHIST,m_NEO_PSFT_SNWFLKSTG_SNWFLKHIST_DUMMY,mct_NEO_PSFT_SNWFLKSTG_SNWFLKHIST_PSFT_PSTREENODE,Hist_Merge_PSFT_PSTREENODE.bat,Hist_Merge_PSFT_PSTREENODE.py,PSFT_PSTREENODE_HIST,PSFT_PSTREENODE_STG,"SETID ,SETCNTRLVALUE ,TREE_NAME ,EFFDT ,TREE_NODE_NUM ,TREE_NODE ,TREE_BRANCH ,TREE_NODE_NUM_END ,TREE_LEVEL_NUM ,TREE_NODE_TYPE ,PARENT_NODE_NUM ,PARENT_NODE_NAME ,OLD_TREE_NODE_NUM ,NODECOL_IMAGE ,NODEEXP_IMAGE ,SOURCE_SYSTEM_WID ,INSERT_DATE ,MD5_HASH ,MD5_HASH_PK","STG.SETID ,STG.SETCNTRLVALUE ,STG.TREE_NAME ,STG.EFFDT ,STG.TREE_NODE_NUM ,STG.TREE_NODE ,STG.TREE_BRANCH ,STG.TREE_NODE_NUM_END ,STG.TREE_LEVEL_NUM ,STG.TREE_NODE_TYPE ,STG.PARENT_NODE_NUM ,STG.PARENT_NODE_NAME ,STG.OLD_TREE_NODE_NUM ,STG.NODECOL_IMAGE ,STG.NODEEXP_IMAGE ,STG.SOURCE_SYSTEM_WID ,STG.ETL_INSERT_DATE ,STG.MD5_HASH ,STG.MD5_HASH_PK","DELETED.SETID ,DELETED.SETCNTRLVALUE ,DELETED.TREE_NAME ,DELETED.EFFDT ,DELETED.TREE_NODE_NUM ,DELETED.TREE_NODE ,DELETED.TREE_BRANCH ,DELETED.TREE_NODE_NUM_END ,DELETED.TREE_LEVEL_NUM ,DELETED.TREE_NODE_TYPE ,DELETED.PARENT_NODE_NUM ,DELETED.PARENT_NODE_NAME ,DELETED.OLD_TREE_NODE_NUM ,DELETED.NODECOL_IMAGE ,DELETED.NODEEXP_IMAGE ,DELETED.SOURCE_SYSTEM_WID ,DELETED.INSERT_DATE ,DELETED.MD5_HASH ,DELETED.MD5_HASH_PK",SETID,SETCNTRLVALUE,TREE_NAME,EFFDT,TREE_NODE_NUM,TREE_NODE,TREE_BRANCH,,,,,,,,,,,,,,,,,
tf_NEO_PSFT_SNWFLKSTG_SNWFLKHIST,m_NEO_PSFT_SNWFLKSTG_SNWFLKHIST_DUMMY,mct_NEO_PSFT_SNWFLKSTG_SNWFLKHIST_PSFT_PSTREESTRCT,Hist_Merge_PSFT_PSTREESTRCT.bat,Hist_Merge_PSFT_PSTREESTRCT.py,PSFT_PSTREESTRCT_HIST,PSFT_PSTREESTRCT_STG,"TREE_STRCT_ID ,VERSION ,DESCR ,DYNAMIC_RANGE ,LEVEL_RECNAME ,LEVEL_PNLGRPNAME ,LEVEL_PNLNAME ,SETCNTRL_IND ,SETCNTRL_COUNT ,NODE_RECNAME ,NODE_FIELDNAME ,SETCNTRLFLD ,NODE_PNLGRPNAME ,NODE_PNLNAME ,DTL_RECNAME ,DTL_FIELDNAME ,DTL_PNLGRPNAME ,DTL_PNLNAME ,NODE_MENUNAME ,DTL_MENUNAME ,TREE_STRCT_TYPE ,DTL_SETID ,SETCNTRLVALUE ,DTL_TREE_NAME ,DTL_TREE_LEVEL_NUM ,LEVEL_MENUNAME ,LEVEL_BARNAME ,NODE_BARNAME ,DTL_BARNAME ,LEVEL_ITEMNAME ,NODE_ITEMNAME ,DTL_ITEMNAME ,NODE_MULTINAVIGATE ,DTL_MULTINAVIGATE ,LASTUPDDTTM ,LASTUPDOPRID ,SOURCE_SYSTEM_WID ,INSERT_DATE ,MD5_HASH ,MD5_HASH_PK","STG.TREE_STRCT_ID ,STG.VERSION ,STG.DESCR ,STG.DYNAMIC_RANGE ,STG.LEVEL_RECNAME ,STG.LEVEL_PNLGRPNAME ,STG.LEVEL_PNLNAME ,STG.SETCNTRL_IND ,STG.SETCNTRL_COUNT ,STG.NODE_RECNAME ,STG.NODE_FIELDNAME ,STG.SETCNTRLFLD ,STG.NODE_PNLGRPNAME ,STG.NODE_PNLNAME ,STG.DTL_RECNAME ,STG.DTL_FIELDNAME ,STG.DTL_PNLGRPNAME ,STG.DTL_PNLNAME ,STG.NODE_MENUNAME ,STG.DTL_MENUNAME ,STG.TREE_STRCT_TYPE ,STG.DTL_SETID ,STG.SETCNTRLVALUE ,STG.DTL_TREE_NAME ,STG.DTL_TREE_LEVEL_NUM ,STG.LEVEL_MENUNAME ,STG.LEVEL_BARNAME ,STG.NODE_BARNAME ,STG.DTL_BARNAME ,STG.LEVEL_ITEMNAME ,STG.NODE_ITEMNAME ,STG.DTL_ITEMNAME ,STG.NODE_MULTINAVIGATE ,STG.DTL_MULTINAVIGATE ,STG.LASTUPDDTTM ,STG.LASTUPDOPRID ,STG.SOURCE_SYSTEM_WID ,STG.ETL_INSERT_DATE ,STG.MD5_HASH ,STG.MD5_HASH_PK","DELETED.TREE_STRCT_ID ,DELETED.VERSION ,DELETED.DESCR ,DELETED.DYNAMIC_RANGE ,DELETED.LEVEL_RECNAME ,DELETED.LEVEL_PNLGRPNAME ,DELETED.LEVEL_PNLNAME ,DELETED.SETCNTRL_IND ,DELETED.SETCNTRL_COUNT ,DELETED.NODE_RECNAME ,DELETED.NODE_FIELDNAME ,DELETED.SETCNTRLFLD ,DELETED.NODE_PNLGRPNAME ,DELETED.NODE_PNLNAME ,DELETED.DTL_RECNAME ,DELETED.DTL_FIELDNAME ,DELETED.DTL_PNLGRPNAME ,DELETED.DTL_PNLNAME ,DELETED.NODE_MENUNAME ,DELETED.DTL_MENUNAME ,DELETED.TREE_STRCT_TYPE ,DELETED.DTL_SETID ,DELETED.SETCNTRLVALUE ,DELETED.DTL_TREE_NAME ,DELETED.DTL_TREE_LEVEL_NUM ,DELETED.LEVEL_MENUNAME ,DELETED.LEVEL_BARNAME ,DELETED.NODE_BARNAME ,DELETED.DTL_BARNAME ,DELETED.LEVEL_ITEMNAME ,DELETED.NODE_ITEMNAME ,DELETED.DTL_ITEMNAME ,DELETED.NODE_MULTINAVIGATE ,DELETED.DTL_MULTINAVIGATE ,DELETED.LASTUPDDTTM ,DELETED.LASTUPDOPRID ,DELETED.SOURCE_SYSTEM_WID ,DELETED.INSERT_DATE ,DELETED.MD5_HASH ,DELETED.MD5_HASH_PK",TREE_STRCT_ID,,,,,,,,,,,,,,,,,,,,,,,
tf_NEO_PSFT_SNWFLKSTG_SNWFLKHIST,m_NEO_PSFT_SNWFLKSTG_SNWFLKHIST_DUMMY,mct_NEO_PSFT_SNWFLKSTG_SNWFLKHIST_PSFT_PS_BUS_UNIT_TBL_FS,Hist_Merge_PSFT_PS_BUS_UNIT_TBL_FS.bat,Hist_Merge_PSFT_PS_BUS_UNIT_TBL_FS.py,PSFT_PS_BUS_UNIT_TBL_FS_HIST,PSFT_PS_BUS_UNIT_TBL_FS_STG,"BUSINESS_UNIT ,DESCR ,DESCRSHORT ,SOURCE_SYSTEM_WID ,INSERT_DATE ,MD5_HASH ,MD5_HASH_PK","STG.BUSINESS_UNIT ,STG.DESCR ,STG.DESCRSHORT ,STG.SOURCE_SYSTEM_WID ,STG.ETL_INSERT_DATE ,STG.MD5_HASH ,STG.MD5_HASH_PK","DELETED.BUSINESS_UNIT ,DELETED.DESCR ,DELETED.DESCRSHORT ,DELETED.SOURCE_SYSTEM_WID ,DELETED.INSERT_DATE ,DELETED.MD5_HASH ,DELETED.MD5_HASH_PK",BUSINESS_UNIT,,,,,,,,,,,,,,,,,,,,,,,
tf_NEO_PSFT_SNWFLKSTG_SNWFLKHIST,m_NEO_PSFT_SNWFLKSTG_SNWFLKHIST_DUMMY,mct_NEO_PSFT_SNWFLKSTG_SNWFLKHIST_PSFT_PS_BUS_UNIT_TBL_GL,Hist_Merge_PSFT_PS_BUS_UNIT_TBL_GL.bat,Hist_Merge_PSFT_PS_BUS_UNIT_TBL_GL.py,PSFT_PS_BUS_UNIT_TBL_GL_HIST,PSFT_PS_BUS_UNIT_TBL_GL_STG,"BUSINESS_UNIT ,AS_OF_DATE ,BASE_CURRENCY ,ELIMS_ONLY ,JRNL_BALANCE_OPTN ,JRNL_EDIT_ERR_OPTN ,JRNL_AMT_ERR_OPTN ,JRNL_DT_ERR_OPTN ,JRNL_DT_ERR_OPTN2 ,ADJ_YEAR_OPTN ,CONTROL_TOTAL_OPTN ,CURRENCY_BAL_OPTN ,EXCHANGE_RATE_OPTN ,BASE_CUR_ADJ_OPTN ,JRNL_FOREIGN_OPTN ,ENABLE_UNPOST_DT ,JRNL_APPRVL_OPTN ,BD_JRNL_APPR_OPTN ,BUSPROCNAME ,APPR_RULE_SET ,BUSPROCNAME_BD ,APPR_RULE_SET_BD ,TR_RVL_RATE_INDEX ,TR_RVL_RT_TYPE ,INT_ENTITYCD ,EXT_ENTITYCD ,PYMNT_METHOD ,DOC_SEQ ,DOC_TYPE ,VAT_NRCVR_PRO_FLG ,VAT_NRCVR_ALL_FLG ,HOLIDAY_LIST_ID ,POST_DATE_OPTN ,PROCESS_DATE ,IU_INTER_TMPLT_CD ,IU_INTRA_TMPLT_CD ,IU_LEGAL_ENT_BU ,BUSINESS_UNIT_AP ,VENDOR_SETID ,VENDOR_ID ,LOCATION ,BUSINESS_UNIT_BI ,CUST_ID ,OPERATING_UNIT ,PRODUCT ,FUND_CODE ,CLASS_FLD ,PROGRAM_CODE ,BUDGET_REF ,AFFILIATE ,AFFILIATE_INTRA1 ,AFFILIATE_INTRA2 ,CHARTFIELD1 ,CHARTFIELD2 ,CHARTFIELD3 ,PROJECT_ID ,DEPTID ,CUST_VNDR_AFFILIAT ,LED_GRP_DEFAULT ,PHYSICAL_NATURE ,SYNCID ,SYNCDTTM ,KK_AF_APPR_OPT_BU ,SOURCE_SYSTEM_WID ,INSERT_DATE ,MD5_HASH ,MD5_HASH_PK","STG.BUSINESS_UNIT ,STG.AS_OF_DATE ,STG.BASE_CURRENCY ,STG.ELIMS_ONLY ,STG.JRNL_BALANCE_OPTN ,STG.JRNL_EDIT_ERR_OPTN ,STG.JRNL_AMT_ERR_OPTN ,STG.JRNL_DT_ERR_OPTN ,STG.JRNL_DT_ERR_OPTN2 ,STG.ADJ_YEAR_OPTN ,STG.CONTROL_TOTAL_OPTN ,STG.CURRENCY_BAL_OPTN ,STG.EXCHANGE_RATE_OPTN ,STG.BASE_CUR_ADJ_OPTN ,STG.JRNL_FOREIGN_OPTN ,STG.ENABLE_UNPOST_DT ,STG.JRNL_APPRVL_OPTN ,STG.BD_JRNL_APPR_OPTN ,STG.BUSPROCNAME ,STG.APPR_RULE_SET ,STG.BUSPROCNAME_BD ,STG.APPR_RULE_SET_BD ,STG.TR_RVL_RATE_INDEX ,STG.TR_RVL_RT_TYPE ,STG.INT_ENTITYCD ,STG.EXT_ENTITYCD ,STG.PYMNT_METHOD ,STG.DOC_SEQ ,STG.DOC_TYPE ,STG.VAT_NRCVR_PRO_FLG ,STG.VAT_NRCVR_ALL_FLG ,STG.HOLIDAY_LIST_ID ,STG.POST_DATE_OPTN ,STG.PROCESS_DATE ,STG.IU_INTER_TMPLT_CD ,STG.IU_INTRA_TMPLT_CD ,STG.IU_LEGAL_ENT_BU ,STG.BUSINESS_UNIT_AP ,STG.VENDOR_SETID ,STG.VENDOR_ID ,STG.LOCATION ,STG.BUSINESS_UNIT_BI ,STG.CUST_ID ,STG.OPERATING_UNIT ,STG.PRODUCT ,STG.FUND_CODE ,STG.CLASS_FLD ,STG.PROGRAM_CODE ,STG.BUDGET_REF ,STG.AFFILIATE ,STG.AFFILIATE_INTRA1 ,STG.AFFILIATE_INTRA2 ,STG.CHARTFIELD1 ,STG.CHARTFIELD2 ,STG.CHARTFIELD3 ,STG.PROJECT_ID ,STG.DEPTID ,STG.CUST_VNDR_AFFILIAT ,STG.LED_GRP_DEFAULT ,STG.PHYSICAL_NATURE ,STG.SYNCID ,STG.SYNCDTTM ,STG.KK_AF_APPR_OPT_BU ,STG.SOURCE_SYSTEM_WID ,STG.ETL_INSERT_DATE ,STG.MD5_HASH ,STG.MD5_HASH_PK","DELETED.BUSINESS_UNIT ,DELETED.AS_OF_DATE ,DELETED.BASE_CURRENCY ,DELETED.ELIMS_ONLY ,DELETED.JRNL_BALANCE_OPTN ,DELETED.JRNL_EDIT_ERR_OPTN ,DELETED.JRNL_AMT_ERR_OPTN ,DELETED.JRNL_DT_ERR_OPTN ,DELETED.JRNL_DT_ERR_OPTN2 ,DELETED.ADJ_YEAR_OPTN ,DELETED.CONTROL_TOTAL_OPTN ,DELETED.CURRENCY_BAL_OPTN ,DELETED.EXCHANGE_RATE_OPTN ,DELETED.BASE_CUR_ADJ_OPTN ,DELETED.JRNL_FOREIGN_OPTN ,DELETED.ENABLE_UNPOST_DT ,DELETED.JRNL_APPRVL_OPTN ,DELETED.BD_JRNL_APPR_OPTN ,DELETED.BUSPROCNAME ,DELETED.APPR_RULE_SET ,DELETED.BUSPROCNAME_BD ,DELETED.APPR_RULE_SET_BD ,DELETED.TR_RVL_RATE_INDEX ,DELETED.TR_RVL_RT_TYPE ,DELETED.INT_ENTITYCD ,DELETED.EXT_ENTITYCD ,DELETED.PYMNT_METHOD ,DELETED.DOC_SEQ ,DELETED.DOC_TYPE ,DELETED.VAT_NRCVR_PRO_FLG ,DELETED.VAT_NRCVR_ALL_FLG ,DELETED.HOLIDAY_LIST_ID ,DELETED.POST_DATE_OPTN ,DELETED.PROCESS_DATE ,DELETED.IU_INTER_TMPLT_CD ,DELETED.IU_INTRA_TMPLT_CD ,DELETED.IU_LEGAL_ENT_BU ,DELETED.BUSINESS_UNIT_AP ,DELETED.VENDOR_SETID ,DELETED.VENDOR_ID ,DELETED.LOCATION ,DELETED.BUSINESS_UNIT_BI ,DELETED.CUST_ID ,DELETED.OPERATING_UNIT ,DELETED.PRODUCT ,DELETED.FUND_CODE ,DELETED.CLASS_FLD ,DELETED.PROGRAM_CODE ,DELETED.BUDGET_REF ,DELETED.AFFILIATE ,DELETED.AFFILIATE_INTRA1 ,DELETED.AFFILIATE_INTRA2 ,DELETED.CHARTFIELD1 ,DELETED.CHARTFIELD2 ,DELETED.CHARTFIELD3 ,DELETED.PROJECT_ID ,DELETED.DEPTID ,DELETED.CUST_VNDR_AFFILIAT ,DELETED.LED_GRP_DEFAULT ,DELETED.PHYSICAL_NATURE ,DELETED.SYNCID ,DELETED.SYNCDTTM ,DELETED.KK_AF_APPR_OPT_BU ,DELETED.SOURCE_SYSTEM_WID ,DELETED.INSERT_DATE ,DELETED.MD5_HASH ,DELETED.MD5_HASH_PK",BUSINESS_UNIT,,,,,,,,,,,,,,,,,,,,,,,
tf_NEO_PSFT_SNWFLKSTG_SNWFLKHIST,m_NEO_PSFT_SNWFLKSTG_SNWFLKHIST_DUMMY,mct_NEO_PSFT_SNWFLKSTG_SNWFLKHIST_PSFT_PS_CUR_RT_TBL,Hist_Merge_PSFT_PS_CUR_RT_TBL.bat,Hist_Merge_PSFT_PS_CUR_RT_TBL.py,PSFT_PS_CUR_RT_TBL_HIST,PSFT_PS_CUR_RT_TBL_STG,"FROM_CUR ,TO_CUR ,CUR_RT_TYPE ,EFFDT ,EFF_STATUS ,CUR_EXCHNG_RT ,SOURCE_SYSTEM_WID ,INSERT_DATE ,MD5_HASH ,MD5_HASH_PK","STG.FROM_CUR ,STG.TO_CUR ,STG.CUR_RT_TYPE ,STG.EFFDT ,STG.EFF_STATUS ,STG.CUR_EXCHNG_RT ,STG.SOURCE_SYSTEM_WID ,STG.ETL_INSERT_DATE ,STG.MD5_HASH ,STG.MD5_HASH_PK","DELETED.FROM_CUR ,DELETED.TO_CUR ,DELETED.CUR_RT_TYPE ,DELETED.EFFDT ,DELETED.EFF_STATUS ,DELETED.CUR_EXCHNG_RT ,DELETED.SOURCE_SYSTEM_WID ,DELETED.INSERT_DATE ,DELETED.MD5_HASH ,DELETED.MD5_HASH_PK",FROM_CUR,TO_CUR,CUR_RT_TYPE,EFFDT,,,,,,,,,,,,,,,,,,,,
tf_NEO_PSFT_SNWFLKSTG_SNWFLKHIST,m_NEO_PSFT_SNWFLKSTG_SNWFLKHIST_DUMMY,mct_NEO_PSFT_SNWFLKSTG_SNWFLKHIST_PSFT_PS_FUND_TBL,Hist_Merge_PSFT_PS_FUND_TBL.bat,Hist_Merge_PSFT_PS_FUND_TBL.py,PSFT_PS_FUND_TBL_HIST,PSFT_PS_FUND_TBL_STG,"SETID ,FUND_CODE ,EFFDT ,EFF_STATUS ,DESCR ,DESCRSHORT ,BUDGETARY_ONLY ,RTBL_DATA ,SYNCID ,SYNCDTTM ,DESCRLONG ,SOURCE_SYSTEM_WID ,INSERT_DATE ,MD5_HASH ,MD5_HASH_PK","STG.SETID ,STG.FUND_CODE ,STG.EFFDT ,STG.EFF_STATUS ,STG.DESCR ,STG.DESCRSHORT ,STG.BUDGETARY_ONLY ,STG.RTBL_DATA ,STG.SYNCID ,STG.SYNCDTTM ,STG.DESCRLONG ,STG.SOURCE_SYSTEM_WID ,STG.ETL_INSERT_DATE ,STG.MD5_HASH ,STG.MD5_HASH_PK","DELETED.SETID ,DELETED.FUND_CODE ,DELETED.EFFDT ,DELETED.EFF_STATUS ,DELETED.DESCR ,DELETED.DESCRSHORT ,DELETED.BUDGETARY_ONLY ,DELETED.RTBL_DATA ,DELETED.SYNCID ,DELETED.SYNCDTTM ,DELETED.DESCRLONG ,DELETED.SOURCE_SYSTEM_WID ,DELETED.INSERT_DATE ,DELETED.MD5_HASH ,DELETED.MD5_HASH_PK",SETID,FUND_CODE,EFFDT,EFF_STATUS,,,,,,,,,,,,,,,,,,,,
tf_NEO_PSFT_SNWFLKSTG_SNWFLKHIST,m_NEO_PSFT_SNWFLKSTG_SNWFLKHIST_DUMMY,mct_NEO_PSFT_SNWFLKSTG_SNWFLKHIST_PSFT_PS_LED_GRP_LED_TBL,Hist_Merge_PSFT_PS_LED_GRP_LED_TBL.bat,Hist_Merge_PSFT_PS_LED_GRP_LED_TBL.py,PSFT_PS_LED_GRP_LED_TBL_HIST,PSFT_PS_LED_GRP_LED_TBL_STG,"SETID ,LEDGER_GROUP ,LEDGER ,PRIMARY_LEDGER ,INHERIT_BASE_CUR ,BASE_CURRENCY ,RT_TYPE ,CUR_RT_TYPE_DFLT ,TRANSL_LEDGER ,OPEN_ITEM_LEDGER ,VAT_LEDGER ,COMMITMENT_CNTL ,LEDGER_TYPE_KK ,AFFECT_SPEND_OPTN ,SOURCE_SYSTEM_WID ,INSERT_DATE ,MD5_HASH ,MD5_HASH_PK","STG.SETID ,STG.LEDGER_GROUP ,STG.LEDGER ,STG.PRIMARY_LEDGER ,STG.INHERIT_BASE_CUR ,STG.BASE_CURRENCY ,STG.RT_TYPE ,STG.CUR_RT_TYPE_DFLT ,STG.TRANSL_LEDGER ,STG.OPEN_ITEM_LEDGER ,STG.VAT_LEDGER ,STG.COMMITMENT_CNTL ,STG.LEDGER_TYPE_KK ,STG.AFFECT_SPEND_OPTN ,STG.SOURCE_SYSTEM_WID ,STG.ETL_INSERT_DATE ,STG.MD5_HASH ,STG.MD5_HASH_PK","DELETED.SETID ,DELETED.LEDGER_GROUP ,DELETED.LEDGER ,DELETED.PRIMARY_LEDGER ,DELETED.INHERIT_BASE_CUR ,DELETED.BASE_CURRENCY ,DELETED.RT_TYPE ,DELETED.CUR_RT_TYPE_DFLT ,DELETED.TRANSL_LEDGER ,DELETED.OPEN_ITEM_LEDGER ,DELETED.VAT_LEDGER ,DELETED.COMMITMENT_CNTL ,DELETED.LEDGER_TYPE_KK ,DELETED.AFFECT_SPEND_OPTN ,DELETED.SOURCE_SYSTEM_WID ,DELETED.INSERT_DATE ,DELETED.MD5_HASH ,DELETED.MD5_HASH_PK",SETID,LEDGER_GROUP,LEDGER,,,,,,,,,,,,,,,,,,,,,
tf_NEO_PSFT_SNWFLKSTG_SNWFLKHIST,m_NEO_PSFT_SNWFLKSTG_SNWFLKHIST_DUMMY,mct_NEO_PSFT_SNWFLKSTG_SNWFLKHIST_PSFT_PS_PC_INT_TMPL_GL,Hist_Merge_PSFT_PS_PC_INT_TMPL_GL.bat,Hist_Merge_PSFT_PS_PC_INT_TMPL_GL.py,PSFT_PS_PC_INT_TMPL_GL_HIST,PSFT_PS_PC_INT_TMPL_GL_STG,"SETID ,INTEGRATION_TMPL ,BUSINESS_UNIT_GL ,DESCR ,PRIMARY_GL_BU ,CURRENCY_CD ,PERCENTAGE_SHARE ,DESCLONG ,SOURCE_SYSTEM_WID ,INSERT_DATE ,MD5_HASH ,MD5_HASH_PK","STG.SETID ,STG.INTEGRATION_TMPL ,STG.BUSINESS_UNIT_GL ,STG.DESCR ,STG.PRIMARY_GL_BU ,STG.CURRENCY_CD ,STG.PERCENTAGE_SHARE ,STG.DESCLONG ,STG.SOURCE_SYSTEM_WID ,STG.ETL_INSERT_DATE ,STG.MD5_HASH ,STG.MD5_HASH_PK","DELETED.SETID ,DELETED.INTEGRATION_TMPL ,DELETED.BUSINESS_UNIT_GL ,DELETED.DESCR ,DELETED.PRIMARY_GL_BU ,DELETED.CURRENCY_CD ,DELETED.PERCENTAGE_SHARE ,DELETED.DESCLONG ,DELETED.SOURCE_SYSTEM_WID ,DELETED.INSERT_DATE ,DELETED.MD5_HASH ,DELETED.MD5_HASH_PK",SETID,INTEGRATION_TMPL,BUSINESS_UNIT_GL,,,,,,,,,,,,,,,,,,,,,
tf_NEO_PSFT_SNWFLKSTG_SNWFLKHIST,m_NEO_PSFT_SNWFLKSTG_SNWFLKHIST_DUMMY,mct_NEO_PSFT_SNWFLKSTG_SNWFLKHIST_PSFT_PS_PLD_E005_OWNSHP,Hist_Merge_PSFT_PS_PLD_E005_OWNSHP.bat,Hist_Merge_PSFT_PS_PLD_E005_OWNSHP.py,PSFT_PS_PLD_E005_OWNSHP_HIST,PSFT_PS_PLD_E005_OWNSHP_STG,"BUSINESS_UNIT ,PROJECT_ID ,EFFDT ,PLD_OWNERSHIP_TYPE ,FUND_NAME ,FUND_PROJECT_ID ,ACTIVITYNAME ,INTEGRATION_TMPL ,SOURCE_SYSTEM_WID ,INSERT_DATE ,MD5_HASH ,MD5_HASH_PK","STG.BUSINESS_UNIT ,STG.PROJECT_ID ,STG.EFFDT ,STG.PLD_OWNERSHIP_TYPE ,STG.FUND_NAME ,STG.FUND_PROJECT_ID ,STG.ACTIVITYNAME ,STG.INTEGRATION_TMPL ,STG.SOURCE_SYSTEM_WID ,STG.ETL_INSERT_DATE ,STG.MD5_HASH ,STG.MD5_HASH_PK","DELETED.BUSINESS_UNIT ,DELETED.PROJECT_ID ,DELETED.EFFDT ,DELETED.PLD_OWNERSHIP_TYPE ,DELETED.FUND_NAME ,DELETED.FUND_PROJECT_ID ,DELETED.ACTIVITYNAME ,DELETED.INTEGRATION_TMPL ,DELETED.SOURCE_SYSTEM_WID ,DELETED.INSERT_DATE ,DELETED.MD5_HASH ,DELETED.MD5_HASH_PK",BUSINESS_UNIT,PROJECT_ID,EFFDT,,,,,,,,,,,,,,,,,,,,,
tf_NEO_PSFT_SNWFLKSTG_SNWFLKHIST,m_NEO_PSFT_SNWFLKSTG_SNWFLKHIST_DUMMY,mct_NEO_PSFT_SNWFLKSTG_SNWFLKHIST_PSFT_PS_PLD_E005_PROPAR,Hist_Merge_PSFT_PS_PLD_E005_PROPAR.bat,Hist_Merge_PSFT_PS_PLD_E005_PROPAR.py,PSFT_PS_PLD_E005_PROPAR_HIST,PSFT_PS_PLD_E005_PROPAR_STG,"BUSINESS_UNIT ,PROJECT_ID ,EFFDT ,PLD_LAND_AREA ,PLD_UOM_LAND ,PLD_BLDG_VERT_AREA ,PLD_UOM_BLDG ,PLD_FP_BLDG_AREA ,PLD_UOM_FP_BLDG ,PLD_GROSS_LND_AR1 ,PLD_UOM_GROSS_LAND ,SOURCE_SYSTEM_WID ,INSERT_DATE ,MD5_HASH ,MD5_HASH_PK","STG.BUSINESS_UNIT ,STG.PROJECT_ID ,STG.EFFDT ,STG.PLD_LAND_AREA ,STG.PLD_UOM_LAND ,STG.PLD_BLDG_VERT_AREA ,STG.PLD_UOM_BLDG ,STG.PLD_FP_BLDG_AREA ,STG.PLD_UOM_FP_BLDG ,STG.PLD_GROSS_LND_AR1 ,STG.PLD_UOM_GROSS_LAND ,STG.SOURCE_SYSTEM_WID ,STG.ETL_INSERT_DATE ,STG.MD5_HASH ,STG.MD5_HASH_PK","DELETED.BUSINESS_UNIT ,DELETED.PROJECT_ID ,DELETED.EFFDT ,DELETED.PLD_LAND_AREA ,DELETED.PLD_UOM_LAND ,DELETED.PLD_BLDG_VERT_AREA ,DELETED.PLD_UOM_BLDG ,DELETED.PLD_FP_BLDG_AREA ,DELETED.PLD_UOM_FP_BLDG ,DELETED.PLD_GROSS_LND_AR1 ,DELETED.PLD_UOM_GROSS_LAND ,DELETED.SOURCE_SYSTEM_WID ,DELETED.INSERT_DATE ,DELETED.MD5_HASH ,DELETED.MD5_HASH_PK",BUSINESS_UNIT,PROJECT_ID,EFFDT,,,,,,,,,,,,,,,,,,,,,
tf_NEO_PSFT_SNWFLKSTG_SNWFLKHIST,m_NEO_PSFT_SNWFLKSTG_SNWFLKHIST_DUMMY,mct_NEO_PSFT_SNWFLKSTG_SNWFLKHIST_PSFT_PS_PLD_E005_USFLD1,Hist_Merge_PSFT_PS_PLD_E005_USFLD1.bat,Hist_Merge_PSFT_PS_PLD_E005_USFLD1.py,PSFT_PS_PLD_E005_USFLD1_HIST,PSFT_PS_PLD_E005_USFLD1_STG,"BUSINESS_UNIT ,PROJECT_ID ,PLD_MARKET_TYPE ,PLD_NCREIF_REGIONS ,PLD_PROP_USG_TYPE ,CERT_OF_COMPL ,PLD_1031_PROP ,PLD_1031_ACQ_DT ,PLD_LAND_GRP_SW ,PARENT_PROJECT_ID ,PLD_IMB_USD_RATE ,PLD_IMB_EUR_RATE ,PLD_IGR_LEASE_REQ ,COMMENTS ,SOURCE_SYSTEM_WID ,INSERT_DATE ,MD5_HASH ,MD5_HASH_PK","STG.BUSINESS_UNIT ,STG.PROJECT_ID ,STG.PLD_MARKET_TYPE ,STG.PLD_NCREIF_REGIONS ,STG.PLD_PROP_USG_TYPE ,STG.CERT_OF_COMPL ,STG.PLD_1031_PROP ,STG.PLD_1031_ACQ_DT ,STG.PLD_LAND_GRP_SW ,STG.PARENT_PROJECT_ID ,STG.PLD_IMB_USD_RATE ,STG.PLD_IMB_EUR_RATE ,STG.PLD_IGR_LEASE_REQ ,STG.COMMENTS ,STG.SOURCE_SYSTEM_WID ,STG.ETL_INSERT_DATE ,STG.MD5_HASH ,STG.MD5_HASH_PK","DELETED.BUSINESS_UNIT ,DELETED.PROJECT_ID ,DELETED.PLD_MARKET_TYPE ,DELETED.PLD_NCREIF_REGIONS ,DELETED.PLD_PROP_USG_TYPE ,DELETED.CERT_OF_COMPL ,DELETED.PLD_1031_PROP ,DELETED.PLD_1031_ACQ_DT ,DELETED.PLD_LAND_GRP_SW ,DELETED.PARENT_PROJECT_ID ,DELETED.PLD_IMB_USD_RATE ,DELETED.PLD_IMB_EUR_RATE ,DELETED.PLD_IGR_LEASE_REQ ,DELETED.COMMENTS ,DELETED.SOURCE_SYSTEM_WID ,DELETED.INSERT_DATE ,DELETED.MD5_HASH ,DELETED.MD5_HASH_PK",BUSINESS_UNIT,PROJECT_ID,,,,,,,,,,,,,,,,,,,,,,
tf_NEO_PSFT_SNWFLKSTG_SNWFLKHIST,m_NEO_PSFT_SNWFLKSTG_SNWFLKHIST_DUMMY,mct_NEO_PSFT_SNWFLKSTG_SNWFLKHIST_PSFT_PS_PLD_E005_USFLD2,Hist_Merge_PSFT_PS_PLD_E005_USFLD2.bat,Hist_Merge_PSFT_PS_PLD_E005_USFLD2.py,PSFT_PS_PLD_E005_USFLD2_HIST,PSFT_PS_PLD_E005_USFLD2_STG,"BUSINESS_UNIT ,PROJECT_ID ,EFFDT ,PLD_STRATEGY ,PLD_PROJ_SOURCE ,PLD_MNGMNT_STRUCT ,PLD_MSA ,PLD_AIRPORT_CODE ,PLD_AIRPORT_LOC ,PLD_AIRPORT_PROP ,PLD_PORT_PROPERTY ,PLD_RAIL_PROPERTY ,PLD_SEZ ,PLD_ACCT_TREATMENT ,PLD_PROP_ORIGIN ,PLD_PROP_ROLLUP ,PLD_SUPP_PORTFOLIO ,PLD_NOT_COUNTED ,SOURCE_SYSTEM_WID ,INSERT_DATE ,MD5_HASH ,MD5_HASH_PK","STG.BUSINESS_UNIT ,STG.PROJECT_ID ,STG.EFFDT ,STG.PLD_STRATEGY ,STG.PLD_PROJ_SOURCE ,STG.PLD_MNGMNT_STRUCT ,STG.PLD_MSA ,STG.PLD_AIRPORT_CODE ,STG.PLD_AIRPORT_LOC ,STG.PLD_AIRPORT_PROP ,STG.PLD_PORT_PROPERTY ,STG.PLD_RAIL_PROPERTY ,STG.PLD_SEZ ,STG.PLD_ACCT_TREATMENT ,STG.PLD_PROP_ORIGIN ,STG.PLD_PROP_ROLLUP ,STG.PLD_SUPP_PORTFOLIO ,STG.PLD_NOT_COUNTED ,STG.SOURCE_SYSTEM_WID ,STG.ETL_INSERT_DATE ,STG.MD5_HASH ,STG.MD5_HASH_PK","DELETED.BUSINESS_UNIT ,DELETED.PROJECT_ID ,DELETED.EFFDT ,DELETED.PLD_STRATEGY ,DELETED.PLD_PROJ_SOURCE ,DELETED.PLD_MNGMNT_STRUCT ,DELETED.PLD_MSA ,DELETED.PLD_AIRPORT_CODE ,DELETED.PLD_AIRPORT_LOC ,DELETED.PLD_AIRPORT_PROP ,DELETED.PLD_PORT_PROPERTY ,DELETED.PLD_RAIL_PROPERTY ,DELETED.PLD_SEZ ,DELETED.PLD_ACCT_TREATMENT ,DELETED.PLD_PROP_ORIGIN ,DELETED.PLD_PROP_ROLLUP ,DELETED.PLD_SUPP_PORTFOLIO ,DELETED.PLD_NOT_COUNTED ,DELETED.SOURCE_SYSTEM_WID ,DELETED.INSERT_DATE ,DELETED.MD5_HASH ,DELETED.MD5_HASH_PK",BUSINESS_UNIT,PROJECT_ID,EFFDT,,,,,,,,,,,,,,,,,,,,,
tf_NEO_PSFT_SNWFLKSTG_SNWFLKHIST,m_NEO_PSFT_SNWFLKSTG_SNWFLKHIST_DUMMY,mct_NEO_PSFT_SNWFLKSTG_SNWFLKHIST_PSFT_PS_PLD_FUND_SETUP,Hist_Merge_PSFT_PS_PLD_FUND_SETUP.bat,Hist_Merge_PSFT_PS_PLD_FUND_SETUP.py,PSFT_PS_PLD_FUND_SETUP_HIST,PSFT_PS_PLD_FUND_SETUP_STG,"PLD_OWNERSHIP_TYPE ,FUND_NAME ,DESCR50 ,PLD_YARDI_DESCR ,SOURCE_SYSTEM_WID ,INSERT_DATE ,MD5_HASH ,MD5_HASH_PK","STG.PLD_OWNERSHIP_TYPE ,STG.FUND_NAME ,STG.DESCR50 ,STG.PLD_YARDI_DESCR ,STG.SOURCE_SYSTEM_WID ,STG.ETL_INSERT_DATE ,STG.MD5_HASH ,STG.MD5_HASH_PK","DELETED.PLD_OWNERSHIP_TYPE ,DELETED.FUND_NAME ,DELETED.DESCR50 ,DELETED.PLD_YARDI_DESCR ,DELETED.SOURCE_SYSTEM_WID ,DELETED.INSERT_DATE ,DELETED.MD5_HASH ,DELETED.MD5_HASH_PK",PLD_OWNERSHIP_TYPE,FUND_NAME,,,,,,,,,,,,,,,,,,,,,,
tf_NEO_PSFT_SNWFLKSTG_SNWFLKHIST,m_NEO_PSFT_SNWFLKSTG_SNWFLKHIST_DUMMY,mct_NEO_PSFT_SNWFLKSTG_SNWFLKHIST_PSFT_PS_PLD_LA_AREATRAN,Hist_Merge_PSFT_PS_PLD_LA_AREATRAN.bat,Hist_Merge_PSFT_PS_PLD_LA_AREATRAN.py,PSFT_PS_PLD_LA_AREATRAN_HIST,PSFT_PS_PLD_LA_AREATRAN_STG,"BUSINESS_UNIT ,PROJECT_ID ,SEQNUM ,TRANS_DT ,PLD_LAND_ACTION ,PLD_QTY ,PLD_AMT1 ,COMMENT1 ,CURRENCY_CD ,LAST_UPDATED_BY ,SOURCE_SYSTEM_WID ,INSERT_DATE ,MD5_HASH ,MD5_HASH_PK","STG.BUSINESS_UNIT ,STG.PROJECT_ID ,STG.SEQNUM ,STG.TRANS_DT ,STG.PLD_LAND_ACTION ,STG.PLD_QTY ,STG.PLD_AMT1 ,STG.COMMENT1 ,STG.CURRENCY_CD ,STG.LAST_UPDATED_BY ,STG.SOURCE_SYSTEM_WID ,STG.ETL_INSERT_DATE ,STG.MD5_HASH ,STG.MD5_HASH_PK","DELETED.BUSINESS_UNIT ,DELETED.PROJECT_ID ,DELETED.SEQNUM ,DELETED.TRANS_DT ,DELETED.PLD_LAND_ACTION ,DELETED.PLD_QTY ,DELETED.PLD_AMT1 ,DELETED.COMMENT1 ,DELETED.CURRENCY_CD ,DELETED.LAST_UPDATED_BY ,DELETED.SOURCE_SYSTEM_WID ,DELETED.INSERT_DATE ,DELETED.MD5_HASH ,DELETED.MD5_HASH_PK",BUSINESS_UNIT,PROJECT_ID,SEQNUM,,,,,,,,,,,,,,,,,,,,,
tf_NEO_PSFT_SNWFLKSTG_SNWFLKHIST,m_NEO_PSFT_SNWFLKSTG_SNWFLKHIST_DUMMY,mct_NEO_PSFT_SNWFLKSTG_SNWFLKHIST_PSFT_PS_PLD_LA_TARG_DT,Hist_Merge_PSFT_PS_PLD_LA_TARG_DT.bat,Hist_Merge_PSFT_PS_PLD_LA_TARG_DT.py,PSFT_PS_PLD_LA_TARG_DT_HIST,PSFT_PS_PLD_LA_TARG_DT_STG,"BUSINESS_UNIT ,PROJECT_ID ,PLD_ALLOC_TYPE ,SEQNUM ,EFFDT ,EFFSEQ ,BUSINESS_UNIT_PC_2 ,PROJECT_ID_TARGET ,DESCR ,PLD_LAND_USE ,PLD_FREEZE_ALLOC ,PROJECT_ID_2 ,PLD_BLDG_VERT_AREA ,PLD_UOM_BLDG ,PLD_LAND_AREA ,PLD_UOM_LAND ,PLD_BASIS ,PLD_ALLOC_STATUS ,LAST_UPDATED_BY ,DTTM_STAMP ,SOURCE_SYSTEM_WID ,INSERT_DATE ,MD5_HASH ,MD5_HASH_PK","STG.BUSINESS_UNIT ,STG.PROJECT_ID ,STG.PLD_ALLOC_TYPE ,STG.SEQNUM ,STG.EFFDT ,STG.EFFSEQ ,STG.BUSINESS_UNIT_PC_2 ,STG.PROJECT_ID_TARGET ,STG.DESCR ,STG.PLD_LAND_USE ,STG.PLD_FREEZE_ALLOC ,STG.PROJECT_ID_2 ,STG.PLD_BLDG_VERT_AREA ,STG.PLD_UOM_BLDG ,STG.PLD_LAND_AREA ,STG.PLD_UOM_LAND ,STG.PLD_BASIS ,STG.PLD_ALLOC_STATUS ,STG.LAST_UPDATED_BY ,STG.DTTM_STAMP ,STG.SOURCE_SYSTEM_WID ,STG.ETL_INSERT_DATE ,STG.MD5_HASH ,STG.MD5_HASH_PK","DELETED.BUSINESS_UNIT ,DELETED.PROJECT_ID ,DELETED.PLD_ALLOC_TYPE ,DELETED.SEQNUM ,DELETED.EFFDT ,DELETED.EFFSEQ ,DELETED.BUSINESS_UNIT_PC_2 ,DELETED.PROJECT_ID_TARGET ,DELETED.DESCR ,DELETED.PLD_LAND_USE ,DELETED.PLD_FREEZE_ALLOC ,DELETED.PROJECT_ID_2 ,DELETED.PLD_BLDG_VERT_AREA ,DELETED.PLD_UOM_BLDG ,DELETED.PLD_LAND_AREA ,DELETED.PLD_UOM_LAND ,DELETED.PLD_BASIS ,DELETED.PLD_ALLOC_STATUS ,DELETED.LAST_UPDATED_BY ,DELETED.DTTM_STAMP ,DELETED.SOURCE_SYSTEM_WID ,DELETED.INSERT_DATE ,DELETED.MD5_HASH ,DELETED.MD5_HASH_PK",BUSINESS_UNIT,PROJECT_ID,PLD_ALLOC_TYPE,SEQNUM,EFFDT,EFFSEQ,,,,,,,,,,,,,,,,,,
tf_NEO_PSFT_SNWFLKSTG_SNWFLKHIST,m_NEO_PSFT_SNWFLKSTG_SNWFLKHIST_DUMMY,mct_NEO_PSFT_SNWFLKSTG_SNWFLKHIST_PSFT_PS_PLD_OWNRSHP_TBL,Hist_Merge_PSFT_PS_PLD_OWNRSHP_TBL.bat,Hist_Merge_PSFT_PS_PLD_OWNRSHP_TBL.py,PSFT_PS_PLD_OWNRSHP_TBL_HIST,PSFT_PS_PLD_OWNRSHP_TBL_STG,"PLD_OWNERSHIP_TYPE ,DESCR100 ,SOURCE_SYSTEM_WID ,INSERT_DATE ,MD5_HASH ,MD5_HASH_PK","STG.PLD_OWNERSHIP_TYPE ,STG.DESCR100 ,STG.SOURCE_SYSTEM_WID ,STG.ETL_INSERT_DATE ,STG.MD5_HASH ,STG.MD5_HASH_PK","DELETED.PLD_OWNERSHIP_TYPE ,DELETED.DESCR100 ,DELETED.SOURCE_SYSTEM_WID ,DELETED.INSERT_DATE ,DELETED.MD5_HASH ,DELETED.MD5_HASH_PK",PLD_OWNERSHIP_TYPE,,,,,,,,,,,,,,,,,,,,,,,
tf_NEO_PSFT_SNWFLKSTG_SNWFLKHIST,m_NEO_PSFT_SNWFLKSTG_SNWFLKHIST_DUMMY,mct_NEO_PSFT_SNWFLKSTG_SNWFLKHIST_PSFT_PS_PLD_PC_OWN_LOG,Hist_Merge_PSFT_PS_PLD_PC_OWN_LOG.bat,Hist_Merge_PSFT_PS_PLD_PC_OWN_LOG.py,PSFT_PS_PLD_PC_OWN_LOG_HIST,PSFT_PS_PLD_PC_OWN_LOG_STG,"BUSINESS_UNIT ,PROJECT_ID ,EFFDT ,LASTUPDDTTM ,SOURCE_SYSTEM_WID ,INSERT_DATE ,MD5_HASH ,MD5_HASH_PK","STG.BUSINESS_UNIT ,STG.PROJECT_ID ,STG.EFFDT ,STG.LASTUPDDTTM ,STG.SOURCE_SYSTEM_WID ,STG.ETL_INSERT_DATE ,STG.MD5_HASH ,STG.MD5_HASH_PK","DELETED.BUSINESS_UNIT ,DELETED.PROJECT_ID ,DELETED.EFFDT ,DELETED.LASTUPDDTTM ,DELETED.SOURCE_SYSTEM_WID ,DELETED.INSERT_DATE ,DELETED.MD5_HASH ,DELETED.MD5_HASH_PK",BUSINESS_UNIT,PROJECT_ID,EFFDT,,,,,,,,,,,,,,,,,,,,,
tf_NEO_PSFT_SNWFLKSTG_SNWFLKHIST,m_NEO_PSFT_SNWFLKSTG_SNWFLKHIST_DUMMY,mct_NEO_PSFT_SNWFLKSTG_SNWFLKHIST_PSFT_PS_PLD_PC_STAT_TBL,Hist_Merge_PSFT_PS_PLD_PC_STAT_TBL.bat,Hist_Merge_PSFT_PS_PLD_PC_STAT_TBL.py,PSFT_PS_PLD_PC_STAT_TBL_HIST,PSFT_PS_PLD_PC_STAT_TBL_STG,"SETID ,PROJECT_TYPE ,PLD_PROJ_STATUS ,STATUS_DESCR ,ORDERBYNUM ,PLD_ALLOC_STATUS ,SOURCE_SYSTEM_WID ,INSERT_DATE ,MD5_HASH ,MD5_HASH_PK","STG.SETID ,STG.PROJECT_TYPE ,STG.PLD_PROJ_STATUS ,STG.STATUS_DESCR ,STG.ORDERBYNUM ,STG.PLD_ALLOC_STATUS ,STG.SOURCE_SYSTEM_WID ,STG.ETL_INSERT_DATE ,STG.MD5_HASH ,STG.MD5_HASH_PK","DELETED.SETID ,DELETED.PROJECT_TYPE ,DELETED.PLD_PROJ_STATUS ,DELETED.STATUS_DESCR ,DELETED.ORDERBYNUM ,DELETED.PLD_ALLOC_STATUS ,DELETED.SOURCE_SYSTEM_WID ,DELETED.INSERT_DATE ,DELETED.MD5_HASH ,DELETED.MD5_HASH_PK",SETID,PROJECT_TYPE,PLD_PROJ_STATUS,,,,,,,,,,,,,,,,,,,,,
tf_NEO_PSFT_SNWFLKSTG_SNWFLKHIST,m_NEO_PSFT_SNWFLKSTG_SNWFLKHIST_DUMMY,mct_NEO_PSFT_SNWFLKSTG_SNWFLKHIST_PSFT_PS_PLD_PC_STAT_YAR,Hist_Merge_PSFT_PS_PLD_PC_STAT_YAR.bat,Hist_Merge_PSFT_PS_PLD_PC_STAT_YAR.py,PSFT_PS_PLD_PC_STAT_YAR_HIST,PSFT_PS_PLD_PC_STAT_YAR_STG,"SETID ,PROJECT_TYPE ,PLD_PROJ_STATUS ,PLD_YARDI_MAJOR ,PLD_YARDI_MINOR ,SOURCE_SYSTEM_WID ,INSERT_DATE ,MD5_HASH ,MD5_HASH_PK","STG.SETID ,STG.PROJECT_TYPE ,STG.PLD_PROJ_STATUS ,STG.PLD_YARDI_MAJOR ,STG.PLD_YARDI_MINOR ,STG.SOURCE_SYSTEM_WID ,STG.ETL_INSERT_DATE ,STG.MD5_HASH ,STG.MD5_HASH_PK","DELETED.SETID ,DELETED.PROJECT_TYPE ,DELETED.PLD_PROJ_STATUS ,DELETED.PLD_YARDI_MAJOR ,DELETED.PLD_YARDI_MINOR ,DELETED.SOURCE_SYSTEM_WID ,DELETED.INSERT_DATE ,DELETED.MD5_HASH ,DELETED.MD5_HASH_PK",PROJECT_TYPE,PLD_PROJ_STATUS,,,,,,,,,,,,,,,,,,,,,,
tf_NEO_PSFT_SNWFLKSTG_SNWFLKHIST,m_NEO_PSFT_SNWFLKSTG_SNWFLKHIST_DUMMY,mct_NEO_PSFT_SNWFLKSTG_SNWFLKHIST_PSFT_PS_PLD_PROJECT,Hist_Merge_PSFT_PS_PLD_PROJECT.bat,Hist_Merge_PSFT_PS_PLD_PROJECT.py,PSFT_PS_PLD_PROJECT_HIST,PSFT_PS_PLD_PROJECT_STG,"BUSINESS_UNIT ,PROJECT_ID ,PLD_UOM_LAND ,PLD_LAND_AREA ,PLD_UOM_BLDG ,PLD_BLDG_VERT_AREA ,PLD_PROP_TYPE ,PLD_IGR_LEASE_REQ ,PLD_MAX_LAND_LINES ,PLD_OWNERSHIP_TYPE ,PLD_LAND_CAP_PCT ,COUNTRY ,PLD_SUBMARKET_CD ,PLD_1031_PROP ,PLD_1031_ACQ_DT ,CERT_OF_COMPL ,PARENT_PROJECT_ID ,PLD_LAND_GRP_SW ,FUND_NAME ,PLD_CDFS ,PLD_SHARE_RATIO ,PLD_BLDG_RENT_AREA ,PLD_IMB_USD_RATE ,PLD_IMB_EUR_RATE ,COMMENTS ,SOURCE_SYSTEM_WID ,INSERT_DATE ,MD5_HASH ,MD5_HASH_PK","STG.BUSINESS_UNIT ,STG.PROJECT_ID ,STG.PLD_UOM_LAND ,STG.PLD_LAND_AREA ,STG.PLD_UOM_BLDG ,STG.PLD_BLDG_VERT_AREA ,STG.PLD_PROP_TYPE ,STG.PLD_IGR_LEASE_REQ ,STG.PLD_MAX_LAND_LINES ,STG.PLD_OWNERSHIP_TYPE ,STG.PLD_LAND_CAP_PCT ,STG.COUNTRY ,STG.PLD_SUBMARKET_CD ,STG.PLD_1031_PROP ,STG.PLD_1031_ACQ_DT ,STG.CERT_OF_COMPL ,STG.PARENT_PROJECT_ID ,STG.PLD_LAND_GRP_SW ,STG.FUND_NAME ,STG.PLD_CDFS ,STG.PLD_SHARE_RATIO ,STG.PLD_BLDG_RENT_AREA ,STG.PLD_IMB_USD_RATE ,STG.PLD_IMB_EUR_RATE ,STG.COMMENTS ,STG.SOURCE_SYSTEM_WID ,STG.ETL_INSERT_DATE ,STG.MD5_HASH ,STG.MD5_HASH_PK","DELETED.BUSINESS_UNIT ,DELETED.PROJECT_ID ,DELETED.PLD_UOM_LAND ,DELETED.PLD_LAND_AREA ,DELETED.PLD_UOM_BLDG ,DELETED.PLD_BLDG_VERT_AREA ,DELETED.PLD_PROP_TYPE ,DELETED.PLD_IGR_LEASE_REQ ,DELETED.PLD_MAX_LAND_LINES ,DELETED.PLD_OWNERSHIP_TYPE ,DELETED.PLD_LAND_CAP_PCT ,DELETED.COUNTRY ,DELETED.PLD_SUBMARKET_CD ,DELETED.PLD_1031_PROP ,DELETED.PLD_1031_ACQ_DT ,DELETED.CERT_OF_COMPL ,DELETED.PARENT_PROJECT_ID ,DELETED.PLD_LAND_GRP_SW ,DELETED.FUND_NAME ,DELETED.PLD_CDFS ,DELETED.PLD_SHARE_RATIO ,DELETED.PLD_BLDG_RENT_AREA ,DELETED.PLD_IMB_USD_RATE ,DELETED.PLD_IMB_EUR_RATE ,DELETED.COMMENTS ,DELETED.SOURCE_SYSTEM_WID ,DELETED.INSERT_DATE ,DELETED.MD5_HASH ,DELETED.MD5_HASH_PK",BUSINESS_UNIT,PROJECT_ID,,,,,,,,,,,,,,,,,,,,,,
tf_NEO_PSFT_SNWFLKSTG_SNWFLKHIST,m_NEO_PSFT_SNWFLKSTG_SNWFLKHIST_DUMMY,mct_NEO_PSFT_SNWFLKSTG_SNWFLKHIST_PSFT_PS_PLD_PROJSRC_TBL,Hist_Merge_PSFT_PS_PLD_PROJSRC_TBL.bat,Hist_Merge_PSFT_PS_PLD_PROJSRC_TBL.py,PSFT_PS_PLD_PROJSRC_TBL_HIST,PSFT_PS_PLD_PROJSRC_TBL_STG,"PLD_PROJ_SOURCE ,DESCR100 ,SOURCE_SYSTEM_WID ,INSERT_DATE ,MD5_HASH ,MD5_HASH_PK","STG.PLD_PROJ_SOURCE ,STG.DESCR100 ,STG.SOURCE_SYSTEM_WID ,STG.ETL_INSERT_DATE ,STG.MD5_HASH ,STG.MD5_HASH_PK","DELETED.PLD_PROJ_SOURCE ,DELETED.DESCR100 ,DELETED.SOURCE_SYSTEM_WID ,DELETED.INSERT_DATE ,DELETED.MD5_HASH ,DELETED.MD5_HASH_PK",PLD_PROJ_SOURCE,,,,,,,,,,,,,,,,,,,,,,,
tf_NEO_PSFT_SNWFLKSTG_SNWFLKHIST,m_NEO_PSFT_SNWFLKSTG_SNWFLKHIST_DUMMY,mct_NEO_PSFT_SNWFLKSTG_SNWFLKHIST_PSFT_PS_PLD_PROJ_STATUS,Hist_Merge_PSFT_PS_PLD_PROJ_STATUS.bat,Hist_Merge_PSFT_PS_PLD_PROJ_STATUS.py,PSFT_PS_PLD_PROJ_STATUS_HIST,PSFT_PS_PLD_PROJ_STATUS_STG,"BUSINESS_UNIT ,PROJECT_ID ,PLD_PROJ_STATUS ,PLD_DATE_BUD ,PLD_DATE_CFI ,PLD_DATE_ACT ,SOURCE_SYSTEM_WID ,INSERT_DATE ,MD5_HASH ,MD5_HASH_PK","STG.BUSINESS_UNIT ,STG.PROJECT_ID ,STG.PLD_PROJ_STATUS ,STG.PLD_DATE_BUD ,STG.PLD_DATE_CFI ,STG.PLD_DATE_ACT ,STG.SOURCE_SYSTEM_WID ,STG.ETL_INSERT_DATE ,STG.MD5_HASH ,STG.MD5_HASH_PK","DELETED.BUSINESS_UNIT ,DELETED.PROJECT_ID ,DELETED.PLD_PROJ_STATUS ,DELETED.PLD_DATE_BUD ,DELETED.PLD_DATE_CFI ,DELETED.PLD_DATE_ACT ,DELETED.SOURCE_SYSTEM_WID ,DELETED.INSERT_DATE ,DELETED.MD5_HASH ,DELETED.MD5_HASH_PK",BUSINESS_UNIT,PROJECT_ID,PLD_PROJ_STATUS,,,,,,,,,,,,,,,,,,,,,
tf_NEO_PSFT_SNWFLKSTG_SNWFLKHIST,m_NEO_PSFT_SNWFLKSTG_SNWFLKHIST_DUMMY,mct_NEO_PSFT_SNWFLKSTG_SNWFLKHIST_PSFT_PS_PLD_PROPMAN_VW,Hist_Merge_PSFT_PS_PLD_PROPMAN_VW.bat,Hist_Merge_PSFT_PS_PLD_PROPMAN_VW.py,PSFT_PS_PLD_PROPMAN_VW_HIST,PSFT_PS_PLD_PROPMAN_VW_STG,"BUSINESS_UNIT ,PROJECT_ID ,PROJECT_MANAGER ,NAME ,SOURCE_SYSTEM_WID ,INSERT_DATE ,MD5_HASH ,MD5_HASH_PK","STG.BUSINESS_UNIT ,STG.PROJECT_ID ,STG.PROJECT_MANAGER ,STG.NAME ,STG.SOURCE_SYSTEM_WID ,STG.ETL_INSERT_DATE ,STG.MD5_HASH ,STG.MD5_HASH_PK","DELETED.BUSINESS_UNIT ,DELETED.PROJECT_ID ,DELETED.PROJECT_MANAGER ,DELETED.NAME ,DELETED.SOURCE_SYSTEM_WID ,DELETED.INSERT_DATE ,DELETED.MD5_HASH ,DELETED.MD5_HASH_PK",BUSINESS_UNIT,PROJECT_ID,PROJECT_MANAGER,,,,,,,,,,,,,,,,,,,,,
tf_NEO_PSFT_SNWFLKSTG_SNWFLKHIST,m_NEO_PSFT_SNWFLKSTG_SNWFLKHIST_DUMMY,mct_NEO_PSFT_SNWFLKSTG_SNWFLKHIST_PSFT_PS_PLD_PROPTARG_VW,Hist_Merge_PSFT_PS_PLD_PROPTARG_VW.bat,Hist_Merge_PSFT_PS_PLD_PROPTARG_VW.py,PSFT_PS_PLD_PROPTARG_VW_HIST,PSFT_PS_PLD_PROPTARG_VW_STG,"BUSINESS_UNIT_PC_2 ,PROJECT_ID_TARGET ,DESCR ,PROJECT_TYPE ,PLD_PROJ_STATUS ,STATUS_DESCR ,NAME ,SOURCE_SYSTEM_WID ,INSERT_DATE ,MD5_HASH ,MD5_HASH_PK","STG.BUSINESS_UNIT_PC_2 ,STG.PROJECT_ID_TARGET ,STG.DESCR ,STG.PROJECT_TYPE ,STG.PLD_PROJ_STATUS ,STG.STATUS_DESCR ,STG.NAME ,STG.SOURCE_SYSTEM_WID ,STG.ETL_INSERT_DATE ,STG.MD5_HASH ,STG.MD5_HASH_PK","DELETED.BUSINESS_UNIT_PC_2 ,DELETED.PROJECT_ID_TARGET ,DELETED.DESCR ,DELETED.PROJECT_TYPE ,DELETED.PLD_PROJ_STATUS ,DELETED.STATUS_DESCR ,DELETED.NAME ,DELETED.SOURCE_SYSTEM_WID ,DELETED.INSERT_DATE ,DELETED.MD5_HASH ,DELETED.MD5_HASH_PK",BUSINESS_UNIT_PC_2,PROJECT_ID_TARGET,,,,,,,,,,,,,,,,,,,,,,
tf_NEO_PSFT_SNWFLKSTG_SNWFLKHIST,m_NEO_PSFT_SNWFLKSTG_SNWFLKHIST_DUMMY,mct_NEO_PSFT_SNWFLKSTG_SNWFLKHIST_PSFT_PS_PLD_PROPUSG_TYP,Hist_Merge_PSFT_PS_PLD_PROPUSG_TYP.bat,Hist_Merge_PSFT_PS_PLD_PROPUSG_TYP.py,PSFT_PS_PLD_PROPUSG_TYP_HIST,PSFT_PS_PLD_PROPUSG_TYP_STG,"PLD_PROP_USG_TYPE ,DESCR100 ,SOURCE_SYSTEM_WID ,INSERT_DATE ,MD5_HASH ,MD5_HASH_PK","STG.PLD_PROP_USG_TYPE ,STG.DESCR100 ,STG.SOURCE_SYSTEM_WID ,STG.ETL_INSERT_DATE ,STG.MD5_HASH ,STG.MD5_HASH_PK","DELETED.PLD_PROP_USG_TYPE ,DELETED.DESCR100 ,DELETED.SOURCE_SYSTEM_WID ,DELETED.INSERT_DATE ,DELETED.MD5_HASH ,DELETED.MD5_HASH_PK",PLD_PROP_USG_TYPE,,,,,,,,,,,,,,,,,,,,,,,
tf_NEO_PSFT_SNWFLKSTG_SNWFLKHIST,m_NEO_PSFT_SNWFLKSTG_SNWFLKHIST_DUMMY,mct_NEO_PSFT_SNWFLKSTG_SNWFLKHIST_PSFT_PS_PLD_PROP_ROLLUP,Hist_Merge_PSFT_PS_PLD_PROP_ROLLUP.bat,Hist_Merge_PSFT_PS_PLD_PROP_ROLLUP.py,PSFT_PS_PLD_PROP_ROLLUP_HIST,PSFT_PS_PLD_PROP_ROLLUP_STG,"PLD_PROP_ROLLUP ,DESCR100 ,SOURCE_SYSTEM_WID ,INSERT_DATE ,MD5_HASH ,MD5_HASH_PK","STG.PLD_PROP_ROLLUP ,STG.DESCR100 ,STG.SOURCE_SYSTEM_WID ,STG.ETL_INSERT_DATE ,STG.MD5_HASH ,STG.MD5_HASH_PK","DELETED.PLD_PROP_ROLLUP ,DELETED.DESCR100 ,DELETED.SOURCE_SYSTEM_WID ,DELETED.INSERT_DATE ,DELETED.MD5_HASH ,DELETED.MD5_HASH_PK",PLD_PROP_ROLLUP,,,,,,,,,,,,,,,,,,,,,,,
tf_NEO_PSFT_SNWFLKSTG_SNWFLKHIST,m_NEO_PSFT_SNWFLKSTG_SNWFLKHIST_DUMMY,mct_NEO_PSFT_SNWFLKSTG_SNWFLKHIST_PSFT_PS_PLD_REPORT_TREE,Hist_Merge_PSFT_PS_PLD_REPORT_TREE.bat,Hist_Merge_PSFT_PS_PLD_REPORT_TREE.py,PSFT_PS_PLD_REPORT_TREE_HIST,PSFT_PS_PLD_REPORT_TREE_STG,"TREE_NAME ,EFFDT ,CHARTFIELD ,LEVEL01 ,LEVEL02 ,LEVEL03 ,LEVEL04 ,LEVEL05 ,LEVEL06 ,LEVEL07 ,LEVEL08 ,LEVEL09 ,PLD_NODE_LEVEL10 ,PLD_NODE_LEVEL11 ,PLD_NODE_LEVEL12 ,PLD_NODE_LEVEL13 ,PLD_NODE_LEVEL14 ,PLD_NODE_LEVEL15 ,PLD_NODE_LEVEL16 ,PLD_NODE_LEVEL17 ,PLD_NODE_LEVEL18 ,PLD_NODE_LEVEL19 ,PLD_NODE_LEVEL20 ,DETAILVALUE ,SOURCE_SYSTEM_WID ,INSERT_DATE ,MD5_HASH ,MD5_HASH_PK","STG.TREE_NAME ,STG.EFFDT ,STG.CHARTFIELD ,STG.LEVEL01 ,STG.LEVEL02 ,STG.LEVEL03 ,STG.LEVEL04 ,STG.LEVEL05 ,STG.LEVEL06 ,STG.LEVEL07 ,STG.LEVEL08 ,STG.LEVEL09 ,STG.PLD_NODE_LEVEL10 ,STG.PLD_NODE_LEVEL11 ,STG.PLD_NODE_LEVEL12 ,STG.PLD_NODE_LEVEL13 ,STG.PLD_NODE_LEVEL14 ,STG.PLD_NODE_LEVEL15 ,STG.PLD_NODE_LEVEL16 ,STG.PLD_NODE_LEVEL17 ,STG.PLD_NODE_LEVEL18 ,STG.PLD_NODE_LEVEL19 ,STG.PLD_NODE_LEVEL20 ,STG.DETAILVALUE ,STG.SOURCE_SYSTEM_WID ,STG.ETL_INSERT_DATE ,STG.MD5_HASH ,STG.MD5_HASH_PK","DELETED.TREE_NAME ,DELETED.EFFDT ,DELETED.CHARTFIELD ,DELETED.LEVEL01 ,DELETED.LEVEL02 ,DELETED.LEVEL03 ,DELETED.LEVEL04 ,DELETED.LEVEL05 ,DELETED.LEVEL06 ,DELETED.LEVEL07 ,DELETED.LEVEL08 ,DELETED.LEVEL09 ,DELETED.PLD_NODE_LEVEL10 ,DELETED.PLD_NODE_LEVEL11 ,DELETED.PLD_NODE_LEVEL12 ,DELETED.PLD_NODE_LEVEL13 ,DELETED.PLD_NODE_LEVEL14 ,DELETED.PLD_NODE_LEVEL15 ,DELETED.PLD_NODE_LEVEL16 ,DELETED.PLD_NODE_LEVEL17 ,DELETED.PLD_NODE_LEVEL18 ,DELETED.PLD_NODE_LEVEL19 ,DELETED.PLD_NODE_LEVEL20 ,DELETED.DETAILVALUE ,DELETED.SOURCE_SYSTEM_WID ,DELETED.INSERT_DATE ,DELETED.MD5_HASH ,DELETED.MD5_HASH_PK",TREE_NAME,EFFDT,CHARTFIELD,LEVEL01,LEVEL02,LEVEL03,LEVEL04,LEVEL05,LEVEL06,LEVEL07,LEVEL08,LEVEL09,PLD_NODE_LEVEL10,PLD_NODE_LEVEL11,PLD_NODE_LEVEL12,PLD_NODE_LEVEL13,PLD_NODE_LEVEL14,PLD_NODE_LEVEL15,PLD_NODE_LEVEL16,PLD_NODE_LEVEL17,PLD_NODE_LEVEL18,PLD_NODE_LEVEL19,PLD_NODE_LEVEL20,DETAILVALUE
tf_NEO_PSFT_SNWFLKSTG_SNWFLKHIST,m_NEO_PSFT_SNWFLKSTG_SNWFLKHIST_DUMMY,mct_NEO_PSFT_SNWFLKSTG_SNWFLKHIST_PSFT_PS_PLD_STRTEGY_TBL,Hist_Merge_PSFT_PS_PLD_STRTEGY_TBL.bat,Hist_Merge_PSFT_PS_PLD_STRTEGY_TBL.py,PSFT_PS_PLD_STRTEGY_TBL_HIST,PSFT_PS_PLD_STRTEGY_TBL_STG,"PLD_STRATEGY ,DESCR100 ,SOURCE_SYSTEM_WID ,INSERT_DATE ,MD5_HASH ,MD5_HASH_PK","STG.PLD_STRATEGY ,STG.DESCR100 ,STG.SOURCE_SYSTEM_WID ,STG.ETL_INSERT_DATE ,STG.MD5_HASH ,STG.MD5_HASH_PK","DELETED.PLD_STRATEGY ,DELETED.DESCR100 ,DELETED.SOURCE_SYSTEM_WID ,DELETED.INSERT_DATE ,DELETED.MD5_HASH ,DELETED.MD5_HASH_PK",PLD_STRATEGY,,,,,,,,,,,,,,,,,,,,,,,
tf_NEO_PSFT_SNWFLKSTG_SNWFLKHIST,m_NEO_PSFT_SNWFLKSTG_SNWFLKHIST_DUMMY,mct_NEO_PSFT_SNWFLKSTG_SNWFLKHIST_PSFT_PS_PLD_SUPP_PFOLIO,Hist_Merge_PSFT_PS_PLD_SUPP_PFOLIO.bat,Hist_Merge_PSFT_PS_PLD_SUPP_PFOLIO.py,PSFT_PS_PLD_SUPP_PFOLIO_HIST,PSFT_PS_PLD_SUPP_PFOLIO_STG,"PLD_SUPP_PORTFOLIO ,DESCR100 ,SOURCE_SYSTEM_WID ,INSERT_DATE ,MD5_HASH ,MD5_HASH_PK","STG.PLD_SUPP_PORTFOLIO ,STG.DESCR100 ,STG.SOURCE_SYSTEM_WID ,STG.ETL_INSERT_DATE ,STG.MD5_HASH ,STG.MD5_HASH_PK","DELETED.PLD_SUPP_PORTFOLIO ,DELETED.DESCR100 ,DELETED.SOURCE_SYSTEM_WID ,DELETED.INSERT_DATE ,DELETED.MD5_HASH ,DELETED.MD5_HASH_PK",PLD_SUPP_PORTFOLIO,,,,,,,,,,,,,,,,,,,,,,,
tf_NEO_PSFT_SNWFLKSTG_SNWFLKHIST,m_NEO_PSFT_SNWFLKSTG_SNWFLKHIST_DUMMY,mct_NEO_PSFT_SNWFLKSTG_SNWFLKHIST_PSFT_PS_PLD_TREE_HIST,Hist_Merge_PSFT_PS_PLD_TREE_HIST.bat,Hist_Merge_PSFT_PS_PLD_TREE_HIST.py,PSFT_PS_PLD_TREE_HIST_HIST,PSFT_PS_PLD_TREE_HIST_STG,"TREE_NAME ,EFFDT ,CHARTFIELD ,LEVEL01 ,LEVEL02 ,LEVEL03 ,LEVEL04 ,LEVEL05 ,LEVEL06 ,LEVEL07 ,LEVEL08 ,LEVEL09 ,PLD_NODE_LEVEL10 ,PLD_NODE_LEVEL11 ,PLD_NODE_LEVEL12 ,PLD_NODE_LEVEL13 ,PLD_NODE_LEVEL14 ,PLD_NODE_LEVEL15 ,PLD_NODE_LEVEL16 ,PLD_NODE_LEVEL17 ,PLD_NODE_LEVEL18 ,PLD_NODE_LEVEL19 ,PLD_NODE_LEVEL20 ,DETAILVALUE ,LASTUPDDTTM ,SOURCE_SYSTEM_WID ,INSERT_DATE ,MD5_HASH ,MD5_HASH_PK","STG.TREE_NAME ,STG.EFFDT ,STG.CHARTFIELD ,STG.LEVEL01 ,STG.LEVEL02 ,STG.LEVEL03 ,STG.LEVEL04 ,STG.LEVEL05 ,STG.LEVEL06 ,STG.LEVEL07 ,STG.LEVEL08 ,STG.LEVEL09 ,STG.PLD_NODE_LEVEL10 ,STG.PLD_NODE_LEVEL11 ,STG.PLD_NODE_LEVEL12 ,STG.PLD_NODE_LEVEL13 ,STG.PLD_NODE_LEVEL14 ,STG.PLD_NODE_LEVEL15 ,STG.PLD_NODE_LEVEL16 ,STG.PLD_NODE_LEVEL17 ,STG.PLD_NODE_LEVEL18 ,STG.PLD_NODE_LEVEL19 ,STG.PLD_NODE_LEVEL20 ,STG.DETAILVALUE ,STG.LASTUPDDTTM ,STG.SOURCE_SYSTEM_WID ,STG.ETL_INSERT_DATE ,STG.MD5_HASH ,STG.MD5_HASH_PK","DELETED.TREE_NAME ,DELETED.EFFDT ,DELETED.CHARTFIELD ,DELETED.LEVEL01 ,DELETED.LEVEL02 ,DELETED.LEVEL03 ,DELETED.LEVEL04 ,DELETED.LEVEL05 ,DELETED.LEVEL06 ,DELETED.LEVEL07 ,DELETED.LEVEL08 ,DELETED.LEVEL09 ,DELETED.PLD_NODE_LEVEL10 ,DELETED.PLD_NODE_LEVEL11 ,DELETED.PLD_NODE_LEVEL12 ,DELETED.PLD_NODE_LEVEL13 ,DELETED.PLD_NODE_LEVEL14 ,DELETED.PLD_NODE_LEVEL15 ,DELETED.PLD_NODE_LEVEL16 ,DELETED.PLD_NODE_LEVEL17 ,DELETED.PLD_NODE_LEVEL18 ,DELETED.PLD_NODE_LEVEL19 ,DELETED.PLD_NODE_LEVEL20 ,DELETED.DETAILVALUE ,DELETED.LASTUPDDTTM ,DELETED.SOURCE_SYSTEM_WID ,DELETED.INSERT_DATE ,DELETED.MD5_HASH ,DELETED.MD5_HASH_PK",TREE_NAME,EFFDT,CHARTFIELD,LEVEL01,LEVEL02,LEVEL03,LEVEL04,LEVEL05,LEVEL06,LEVEL07,LEVEL08,LEVEL09,PLD_NODE_LEVEL10,PLD_NODE_LEVEL11,PLD_NODE_LEVEL12,PLD_NODE_LEVEL13,PLD_NODE_LEVEL14,PLD_NODE_LEVEL15,PLD_NODE_LEVEL16,PLD_NODE_LEVEL17,PLD_NODE_LEVEL18,PLD_NODE_LEVEL19,PLD_NODE_LEVEL20,DETAILVALUE
tf_NEO_PSFT_SNWFLKSTG_SNWFLKHIST,m_NEO_PSFT_SNWFLKSTG_SNWFLKHIST_DUMMY,mct_NEO_PSFT_SNWFLKSTG_SNWFLKHIST_PSFT_PS_PROJECT,Hist_Merge_PSFT_PS_PROJECT.bat,Hist_Merge_PSFT_PS_PROJECT.py,PSFT_PS_PROJECT_HIST,PSFT_PS_PROJECT_STG,"BUSINESS_UNIT ,PROJECT_ID ,LAST_ACTIVITY_ID ,EFF_STATUS ,IN_USE_SW ,INTEGRATION_TMPL ,DESCR ,PROJECT_TYPE ,BUSINESS_UNIT_AM ,ASSET_ID ,PROFILE_ID ,SYSTEM_SOURCE ,TEMPLATE_ID ,TEMPLATE_SW ,AFUDC_PROJ_SW ,TARGET_PROJ_SW ,SALES_TAX_PROJ_SW ,DOCKET_NUMBER ,PROJECT_FUNCTION ,LAST_CRITERIA_ID ,CURRENCY_CD ,RT_TYPE ,CUR_EFFDT_TYPE ,PERCENT_COMPLETE ,PC_ACT_OPTION ,PROJECT_USER1 ,PROJECT_USER2 ,PROJECT_USER3 ,PROJECT_USER4 ,PROJECT_USER5 ,PROJECT_USER_DT1 ,PROJECT_USER_DT2 ,PC_USER_CURRENCY ,PROJECT_USERAMT1 ,PROJECT_USERAMT2 ,PROJECT_USERAMT3 ,AN_GRP_ACTV_BUD ,AN_GRP_TOT_COSTS ,SET_OVERRIDE ,DTTM_STAMP ,PC_MSP_USR1 ,PC_MSP_USR2 ,PC_MSP_PROJ_ID ,PC_REV_ACTIVITY ,ENFORCE ,ENFORCE_TYPE ,TOLERANCE ,PC_SCH_PRODUCT ,PC_SCH_FIELD1 ,PC_SCH_FIELD2 ,PC_SCH_FIELD3 ,PC_SCH_FIELD4 ,PC_SCH_FIELD5 ,PC_SCH_FIELD6 ,PC_SCH_FIELD7 ,PC_SCH_FIELD8 ,PC_INDENT_LEVEL ,PROJ_GRANT_STATUS ,GRANT_FLG ,GM_PRIMARY_FLAG ,PC_TEMPLATE_ID ,PC_FND_DIST_SW ,START_DT ,END_DT ,BASELINE_START_DT ,BASELINE_FINISH_DT ,EARLY_START_DT ,EARLY_FINISH_DT ,ACTUAL_START_DT ,ACTUAL_FINISH_DT ,LATE_START_DT ,LATE_FINISH_DT ,PC_DURATION ,SUMMARY_PRJ ,PC_CHC_SW ,PC_CHC_TEMPLATE ,PC_CALCULATE_SW ,PC_PRJ_DEF_CALC_MT ,PC_ACT_DEF_CALC_MT ,PC_HOURS_PER_DAY ,PC_CALC_METHOD ,PC_SUM_METHOD ,PM_AUTO_REVIEW ,FORECAST_AUT_APP ,FORECAST_LEVEL ,FORECAST_RATE ,FORECAST_SRC ,PROJ_REQUEST_ID ,PPK_PROJ_VERSION ,PGM_SCHED_METHOD ,PC_PERCENT_DTTM ,HOLIDAY_LIST_ID ,FMS_DTTM_STAMP ,FMS_OPRID ,FMS_LASTUPDDTTM ,FMS_LASTUPDOPRID ,CONSTRAINT_DT_FLG ,CHARGING_LEVEL ,CHARGING_LEVEL_TR ,RATE_PLAN ,BUDGET_APPROVER ,SCEN_ADJUST_PCT_TM ,SCEN_ADJUST_PCT_EX ,TEMPLATE_TYPES ,PROJ_TMPL_FILTER ,LAST_CBUD_TYPE ,LAST_RBUD_TYPE ,FNA_REQUESTED ,MANAGED_BY_WO ,RELEASE ,CATEGORY_IND ,APPLICATION_AREA ,APPLICATION ,RATE_SELECT ,PC_REV_BUD_AN_GRP ,AN_GRP_TOT_REV ,AN_GRP_EAC ,RETAIN_HISTORY ,AN_GRP_FREV ,ANLTC_ACT_COST ,ANLTC_ACT_REV ,ANLTC_FC_COST ,ANLTC_FC_REV ,ONE_TARGET_SW ,P6_INCL_INTGRTN ,P6_TEMPLATE_ID ,P6_WBS_LVL ,SOURCE_SYSTEM_WID ,INSERT_DATE ,PM_AUTO_POP ,MD5_HASH ,MD5_HASH_PK","STG.BUSINESS_UNIT ,STG.PROJECT_ID ,STG.LAST_ACTIVITY_ID ,STG.EFF_STATUS ,STG.IN_USE_SW ,STG.INTEGRATION_TMPL ,STG.DESCR ,STG.PROJECT_TYPE ,STG.BUSINESS_UNIT_AM ,STG.ASSET_ID ,STG.PROFILE_ID ,STG.SYSTEM_SOURCE ,STG.TEMPLATE_ID ,STG.TEMPLATE_SW ,STG.AFUDC_PROJ_SW ,STG.TARGET_PROJ_SW ,STG.SALES_TAX_PROJ_SW ,STG.DOCKET_NUMBER ,STG.PROJECT_FUNCTION ,STG.LAST_CRITERIA_ID ,STG.CURRENCY_CD ,STG.RT_TYPE ,STG.CUR_EFFDT_TYPE ,STG.PERCENT_COMPLETE ,STG.PC_ACT_OPTION ,STG.PROJECT_USER1 ,STG.PROJECT_USER2 ,STG.PROJECT_USER3 ,STG.PROJECT_USER4 ,STG.PROJECT_USER5 ,STG.PROJECT_USER_DT1 ,STG.PROJECT_USER_DT2 ,STG.PC_USER_CURRENCY ,STG.PROJECT_USERAMT1 ,STG.PROJECT_USERAMT2 ,STG.PROJECT_USERAMT3 ,STG.AN_GRP_ACTV_BUD ,STG.AN_GRP_TOT_COSTS ,STG.SET_OVERRIDE ,STG.DTTM_STAMP ,STG.PC_MSP_USR1 ,STG.PC_MSP_USR2 ,STG.PC_MSP_PROJ_ID ,STG.PC_REV_ACTIVITY ,STG.ENFORCE ,STG.ENFORCE_TYPE ,STG.TOLERANCE ,STG.PC_SCH_PRODUCT ,STG.PC_SCH_FIELD1 ,STG.PC_SCH_FIELD2 ,STG.PC_SCH_FIELD3 ,STG.PC_SCH_FIELD4 ,STG.PC_SCH_FIELD5 ,STG.PC_SCH_FIELD6 ,STG.PC_SCH_FIELD7 ,STG.PC_SCH_FIELD8 ,STG.PC_INDENT_LEVEL ,STG.PROJ_GRANT_STATUS ,STG.GRANT_FLG ,STG.GM_PRIMARY_FLAG ,STG.PC_TEMPLATE_ID ,STG.PC_FND_DIST_SW ,STG.START_DT ,STG.END_DT ,STG.BASELINE_START_DT ,STG.BASELINE_FINISH_DT ,STG.EARLY_START_DT ,STG.EARLY_FINISH_DT ,STG.ACTUAL_START_DT ,STG.ACTUAL_FINISH_DT ,STG.LATE_START_DT ,STG.LATE_FINISH_DT ,STG.PC_DURATION ,STG.SUMMARY_PRJ ,STG.PC_CHC_SW ,STG.PC_CHC_TEMPLATE ,STG.PC_CALCULATE_SW ,STG.PC_PRJ_DEF_CALC_MT ,STG.PC_ACT_DEF_CALC_MT ,STG.PC_HOURS_PER_DAY ,STG.PC_CALC_METHOD ,STG.PC_SUM_METHOD ,STG.PM_AUTO_REVIEW ,STG.FORECAST_AUT_APP ,STG.FORECAST_LEVEL ,STG.FORECAST_RATE ,STG.FORECAST_SRC ,STG.PROJ_REQUEST_ID ,STG.PPK_PROJ_VERSION ,STG.PGM_SCHED_METHOD ,STG.PC_PERCENT_DTTM ,STG.HOLIDAY_LIST_ID ,STG.FMS_DTTM_STAMP ,STG.FMS_OPRID ,STG.FMS_LASTUPDDTTM ,STG.FMS_LASTUPDOPRID ,STG.CONSTRAINT_DT_FLG ,STG.CHARGING_LEVEL ,STG.CHARGING_LEVEL_TR ,STG.RATE_PLAN ,STG.BUDGET_APPROVER ,STG.SCEN_ADJUST_PCT_TM ,STG.SCEN_ADJUST_PCT_EX ,STG.TEMPLATE_TYPES ,STG.PROJ_TMPL_FILTER ,STG.LAST_CBUD_TYPE ,STG.LAST_RBUD_TYPE ,STG.FNA_REQUESTED ,STG.MANAGED_BY_WO ,STG.RELEASE ,STG.CATEGORY_IND ,STG.APPLICATION_AREA ,STG.APPLICATION ,STG.RATE_SELECT ,STG.PC_REV_BUD_AN_GRP ,STG.AN_GRP_TOT_REV ,STG.AN_GRP_EAC ,STG.RETAIN_HISTORY ,STG.AN_GRP_FREV ,STG.ANLTC_ACT_COST ,STG.ANLTC_ACT_REV ,STG.ANLTC_FC_COST ,STG.ANLTC_FC_REV ,STG.ONE_TARGET_SW ,STG.P6_INCL_INTGRTN ,STG.P6_TEMPLATE_ID ,STG.P6_WBS_LVL ,STG.SOURCE_SYSTEM_WID ,STG.ETL_INSERT_DATE ,STG.PM_AUTO_POP ,STG.MD5_HASH ,STG.MD5_HASH_PK","DELETED.BUSINESS_UNIT ,DELETED.PROJECT_ID ,DELETED.LAST_ACTIVITY_ID ,DELETED.EFF_STATUS ,DELETED.IN_USE_SW ,DELETED.INTEGRATION_TMPL ,DELETED.DESCR ,DELETED.PROJECT_TYPE ,DELETED.BUSINESS_UNIT_AM ,DELETED.ASSET_ID ,DELETED.PROFILE_ID ,DELETED.SYSTEM_SOURCE ,DELETED.TEMPLATE_ID ,DELETED.TEMPLATE_SW ,DELETED.AFUDC_PROJ_SW ,DELETED.TARGET_PROJ_SW ,DELETED.SALES_TAX_PROJ_SW ,DELETED.DOCKET_NUMBER ,DELETED.PROJECT_FUNCTION ,DELETED.LAST_CRITERIA_ID ,DELETED.CURRENCY_CD ,DELETED.RT_TYPE ,DELETED.CUR_EFFDT_TYPE ,DELETED.PERCENT_COMPLETE ,DELETED.PC_ACT_OPTION ,DELETED.PROJECT_USER1 ,DELETED.PROJECT_USER2 ,DELETED.PROJECT_USER3 ,DELETED.PROJECT_USER4 ,DELETED.PROJECT_USER5 ,DELETED.PROJECT_USER_DT1 ,DELETED.PROJECT_USER_DT2 ,DELETED.PC_USER_CURRENCY ,DELETED.PROJECT_USERAMT1 ,DELETED.PROJECT_USERAMT2 ,DELETED.PROJECT_USERAMT3 ,DELETED.AN_GRP_ACTV_BUD ,DELETED.AN_GRP_TOT_COSTS ,DELETED.SET_OVERRIDE ,DELETED.DTTM_STAMP ,DELETED.PC_MSP_USR1 ,DELETED.PC_MSP_USR2 ,DELETED.PC_MSP_PROJ_ID ,DELETED.PC_REV_ACTIVITY ,DELETED.ENFORCE ,DELETED.ENFORCE_TYPE ,DELETED.TOLERANCE ,DELETED.PC_SCH_PRODUCT ,DELETED.PC_SCH_FIELD1 ,DELETED.PC_SCH_FIELD2 ,DELETED.PC_SCH_FIELD3 ,DELETED.PC_SCH_FIELD4 ,DELETED.PC_SCH_FIELD5 ,DELETED.PC_SCH_FIELD6 ,DELETED.PC_SCH_FIELD7 ,DELETED.PC_SCH_FIELD8 ,DELETED.PC_INDENT_LEVEL ,DELETED.PROJ_GRANT_STATUS ,DELETED.GRANT_FLG ,DELETED.GM_PRIMARY_FLAG ,DELETED.PC_TEMPLATE_ID ,DELETED.PC_FND_DIST_SW ,DELETED.START_DT ,DELETED.END_DT ,DELETED.BASELINE_START_DT ,DELETED.BASELINE_FINISH_DT ,DELETED.EARLY_START_DT ,DELETED.EARLY_FINISH_DT ,DELETED.ACTUAL_START_DT ,DELETED.ACTUAL_FINISH_DT ,DELETED.LATE_START_DT ,DELETED.LATE_FINISH_DT ,DELETED.PC_DURATION ,DELETED.SUMMARY_PRJ ,DELETED.PC_CHC_SW ,DELETED.PC_CHC_TEMPLATE ,DELETED.PC_CALCULATE_SW ,DELETED.PC_PRJ_DEF_CALC_MT ,DELETED.PC_ACT_DEF_CALC_MT ,DELETED.PC_HOURS_PER_DAY ,DELETED.PC_CALC_METHOD ,DELETED.PC_SUM_METHOD ,DELETED.PM_AUTO_REVIEW ,DELETED.FORECAST_AUT_APP ,DELETED.FORECAST_LEVEL ,DELETED.FORECAST_RATE ,DELETED.FORECAST_SRC ,DELETED.PROJ_REQUEST_ID ,DELETED.PPK_PROJ_VERSION ,DELETED.PGM_SCHED_METHOD ,DELETED.PC_PERCENT_DTTM ,DELETED.HOLIDAY_LIST_ID ,DELETED.FMS_DTTM_STAMP ,DELETED.FMS_OPRID ,DELETED.FMS_LASTUPDDTTM ,DELETED.FMS_LASTUPDOPRID ,DELETED.CONSTRAINT_DT_FLG ,DELETED.CHARGING_LEVEL ,DELETED.CHARGING_LEVEL_TR ,DELETED.RATE_PLAN ,DELETED.BUDGET_APPROVER ,DELETED.SCEN_ADJUST_PCT_TM ,DELETED.SCEN_ADJUST_PCT_EX ,DELETED.TEMPLATE_TYPES ,DELETED.PROJ_TMPL_FILTER ,DELETED.LAST_CBUD_TYPE ,DELETED.LAST_RBUD_TYPE ,DELETED.FNA_REQUESTED ,DELETED.MANAGED_BY_WO ,DELETED.RELEASE ,DELETED.CATEGORY_IND ,DELETED.APPLICATION_AREA ,DELETED.APPLICATION ,DELETED.RATE_SELECT ,DELETED.PC_REV_BUD_AN_GRP ,DELETED.AN_GRP_TOT_REV ,DELETED.AN_GRP_EAC ,DELETED.RETAIN_HISTORY ,DELETED.AN_GRP_FREV ,DELETED.ANLTC_ACT_COST ,DELETED.ANLTC_ACT_REV ,DELETED.ANLTC_FC_COST ,DELETED.ANLTC_FC_REV ,DELETED.ONE_TARGET_SW ,DELETED.P6_INCL_INTGRTN ,DELETED.P6_TEMPLATE_ID ,DELETED.P6_WBS_LVL ,DELETED.SOURCE_SYSTEM_WID ,DELETED.INSERT_DATE ,DELETED.PM_AUTO_POP ,DELETED.MD5_HASH ,DELETED.MD5_HASH_PK",BUSINESS_UNIT,PROJECT_ID,,,,,,,,,,,,,,,,,,,,,,
tf_NEO_PSFT_SNWFLKSTG_SNWFLKHIST,m_NEO_PSFT_SNWFLKSTG_SNWFLKHIST_DUMMY,mct_NEO_PSFT_SNWFLKSTG_SNWFLKHIST_PSFT_PS_PROJ_ACTIVITY,Hist_Merge_PSFT_PS_PROJ_ACTIVITY.bat,Hist_Merge_PSFT_PS_PROJ_ACTIVITY.py,PSFT_PS_PROJ_ACTIVITY_HIST,PSFT_PS_PROJ_ACTIVITY_STG,"BUSINESS_UNIT ,PROJECT_ID ,ACTIVITY_ID ,EFF_STATUS ,DESCR ,ACTIVITY_TYPE ,WBS_ID ,SYSTEM_SOURCE ,ACT_TEMPLATE_ID ,ACT_TEMPLATE_SW ,WORK_ORDER_ID ,WORK_ORDER_DTL_ID ,AFUDC_ACT_SW ,TARGET_ACT_SW ,SALES_TAX_ACT_SW ,PERCENT_COMPLETE ,START_DT ,END_DT ,EARLY_START_DT ,LATE_START_DT ,ACTUAL_START_DT ,EARLY_FINISH_DT ,LATE_FINISH_DT ,ACTUAL_FINISH_DT ,BASELINE_FINISH_DT ,BASELINE_START_DT ,BCWP ,BCWS ,ACT_TYPE_SCH ,INTEGRATION_ID ,INTEGRATION_TRG ,INTEGRATION_ANTYPE ,DTTM_STAMP ,DRAWING_NAME ,ACTIVITY_USER1 ,ACTIVITY_USER2 ,ACTIVITY_USER3 ,ACTIVITY_USER4 ,ACTIVITY_USER5 ,PC_ACT_USER_DT1 ,PC_ACT_USER_DT2 ,PC_USER_CURRENCY ,PC_ACT_USERAMT1 ,PC_ACT_USERAMT2 ,PC_ACT_USERAMT3 ,PC_MSP_UNIQUE_ID ,PC_MILESTONE_FLG ,IN_USE_FLAG ,PC_SCH_FIELD1 ,PC_SCH_FIELD2 ,PC_SCH_FIELD3 ,PC_SCH_FIELD4 ,PC_SCH_FIELD5 ,PC_SCH_FIELD6 ,PC_SCH_FIELD7 ,WAIVED_FA_CLC_MTHD ,ENFORCE ,SUMMARY_ACT ,PC_DURATION ,PC_CHC_ACT_SW ,PGM_SCHED_METHOD ,ASSGND_WORK ,ACTUAL_WORK ,REMAINING_WORK ,BASELINE_WORK ,COST ,DEFAULT_CURR_SW ,FMS_DTTM_STAMP ,FMS_OPRID ,FMS_LASTUPDDTTM ,FMS_LASTUPDOPRID ,LEVEL1 ,LEVEL2 ,LEVEL3 ,LEVEL4 ,LEVEL5 ,LEVEL6 ,LEVEL7 ,LEVEL8 ,LEVEL9 ,LEVEL10 ,LEVEL11 ,LEVEL12 ,LEVEL13 ,LEVEL14 ,LEVEL15 ,LEVEL16 ,LEVEL17 ,LEVEL18 ,LEVEL19 ,LEVEL20 ,LEVEL21 ,LEVEL22 ,LEVEL23 ,LEVEL24 ,LEVEL25 ,LEVEL26 ,LEVEL_NUM ,ROW_NUMBER_5 ,DEADLINE_DT ,CONSTRAINT_DT ,CONSTRAINT_TYPE ,COSTING_ACT_SW ,PC_ACT_OWNER ,BILL_AMT ,CURRENCY_CD ,PC_ACT_DEF_CALC_MT ,PARTICIPATING ,P6_WBS_FLAG ,SOURCE_SYSTEM_WID ,INSERT_DATE ,MD5_HASH ,MD5_HASH_PK","STG.BUSINESS_UNIT ,STG.PROJECT_ID ,STG.ACTIVITY_ID ,STG.EFF_STATUS ,STG.DESCR ,STG.ACTIVITY_TYPE ,STG.WBS_ID ,STG.SYSTEM_SOURCE ,STG.ACT_TEMPLATE_ID ,STG.ACT_TEMPLATE_SW ,STG.WORK_ORDER_ID ,STG.WORK_ORDER_DTL_ID ,STG.AFUDC_ACT_SW ,STG.TARGET_ACT_SW ,STG.SALES_TAX_ACT_SW ,STG.PERCENT_COMPLETE ,STG.START_DT ,STG.END_DT ,STG.EARLY_START_DT ,STG.LATE_START_DT ,STG.ACTUAL_START_DT ,STG.EARLY_FINISH_DT ,STG.LATE_FINISH_DT ,STG.ACTUAL_FINISH_DT ,STG.BASELINE_FINISH_DT ,STG.BASELINE_START_DT ,STG.BCWP ,STG.BCWS ,STG.ACT_TYPE_SCH ,STG.INTEGRATION_ID ,STG.INTEGRATION_TRG ,STG.INTEGRATION_ANTYPE ,STG.DTTM_STAMP ,STG.DRAWING_NAME ,STG.ACTIVITY_USER1 ,STG.ACTIVITY_USER2 ,STG.ACTIVITY_USER3 ,STG.ACTIVITY_USER4 ,STG.ACTIVITY_USER5 ,STG.PC_ACT_USER_DT1 ,STG.PC_ACT_USER_DT2 ,STG.PC_USER_CURRENCY ,STG.PC_ACT_USERAMT1 ,STG.PC_ACT_USERAMT2 ,STG.PC_ACT_USERAMT3 ,STG.PC_MSP_UNIQUE_ID ,STG.PC_MILESTONE_FLG ,STG.IN_USE_FLAG ,STG.PC_SCH_FIELD1 ,STG.PC_SCH_FIELD2 ,STG.PC_SCH_FIELD3 ,STG.PC_SCH_FIELD4 ,STG.PC_SCH_FIELD5 ,STG.PC_SCH_FIELD6 ,STG.PC_SCH_FIELD7 ,STG.WAIVED_FA_CLC_MTHD ,STG.ENFORCE ,STG.SUMMARY_ACT ,STG.PC_DURATION ,STG.PC_CHC_ACT_SW ,STG.PGM_SCHED_METHOD ,STG.ASSGND_WORK ,STG.ACTUAL_WORK ,STG.REMAINING_WORK ,STG.BASELINE_WORK ,STG.COST ,STG.DEFAULT_CURR_SW ,STG.FMS_DTTM_STAMP ,STG.FMS_OPRID ,STG.FMS_LASTUPDDTTM ,STG.FMS_LASTUPDOPRID ,STG.LEVEL1 ,STG.LEVEL2 ,STG.LEVEL3 ,STG.LEVEL4 ,STG.LEVEL5 ,STG.LEVEL6 ,STG.LEVEL7 ,STG.LEVEL8 ,STG.LEVEL9 ,STG.LEVEL10 ,STG.LEVEL11 ,STG.LEVEL12 ,STG.LEVEL13 ,STG.LEVEL14 ,STG.LEVEL15 ,STG.LEVEL16 ,STG.LEVEL17 ,STG.LEVEL18 ,STG.LEVEL19 ,STG.LEVEL20 ,STG.LEVEL21 ,STG.LEVEL22 ,STG.LEVEL23 ,STG.LEVEL24 ,STG.LEVEL25 ,STG.LEVEL26 ,STG.LEVEL_NUM ,STG.ROW_NUMBER_5 ,STG.DEADLINE_DT ,STG.CONSTRAINT_DT ,STG.CONSTRAINT_TYPE ,STG.COSTING_ACT_SW ,STG.PC_ACT_OWNER ,STG.BILL_AMT ,STG.CURRENCY_CD ,STG.PC_ACT_DEF_CALC_MT ,STG.PARTICIPATING ,STG.P6_WBS_FLAG ,STG.SOURCE_SYSTEM_WID ,STG.ETL_INSERT_DATE ,STG.MD5_HASH ,STG.MD5_HASH_PK","DELETED.BUSINESS_UNIT ,DELETED.PROJECT_ID ,DELETED.ACTIVITY_ID ,DELETED.EFF_STATUS ,DELETED.DESCR ,DELETED.ACTIVITY_TYPE ,DELETED.WBS_ID ,DELETED.SYSTEM_SOURCE ,DELETED.ACT_TEMPLATE_ID ,DELETED.ACT_TEMPLATE_SW ,DELETED.WORK_ORDER_ID ,DELETED.WORK_ORDER_DTL_ID ,DELETED.AFUDC_ACT_SW ,DELETED.TARGET_ACT_SW ,DELETED.SALES_TAX_ACT_SW ,DELETED.PERCENT_COMPLETE ,DELETED.START_DT ,DELETED.END_DT ,DELETED.EARLY_START_DT ,DELETED.LATE_START_DT ,DELETED.ACTUAL_START_DT ,DELETED.EARLY_FINISH_DT ,DELETED.LATE_FINISH_DT ,DELETED.ACTUAL_FINISH_DT ,DELETED.BASELINE_FINISH_DT ,DELETED.BASELINE_START_DT ,DELETED.BCWP ,DELETED.BCWS ,DELETED.ACT_TYPE_SCH ,DELETED.INTEGRATION_ID ,DELETED.INTEGRATION_TRG ,DELETED.INTEGRATION_ANTYPE ,DELETED.DTTM_STAMP ,DELETED.DRAWING_NAME ,DELETED.ACTIVITY_USER1 ,DELETED.ACTIVITY_USER2 ,DELETED.ACTIVITY_USER3 ,DELETED.ACTIVITY_USER4 ,DELETED.ACTIVITY_USER5 ,DELETED.PC_ACT_USER_DT1 ,DELETED.PC_ACT_USER_DT2 ,DELETED.PC_USER_CURRENCY ,DELETED.PC_ACT_USERAMT1 ,DELETED.PC_ACT_USERAMT2 ,DELETED.PC_ACT_USERAMT3 ,DELETED.PC_MSP_UNIQUE_ID ,DELETED.PC_MILESTONE_FLG ,DELETED.IN_USE_FLAG ,DELETED.PC_SCH_FIELD1 ,DELETED.PC_SCH_FIELD2 ,DELETED.PC_SCH_FIELD3 ,DELETED.PC_SCH_FIELD4 ,DELETED.PC_SCH_FIELD5 ,DELETED.PC_SCH_FIELD6 ,DELETED.PC_SCH_FIELD7 ,DELETED.WAIVED_FA_CLC_MTHD ,DELETED.ENFORCE ,DELETED.SUMMARY_ACT ,DELETED.PC_DURATION ,DELETED.PC_CHC_ACT_SW ,DELETED.PGM_SCHED_METHOD ,DELETED.ASSGND_WORK ,DELETED.ACTUAL_WORK ,DELETED.REMAINING_WORK ,DELETED.BASELINE_WORK ,DELETED.COST ,DELETED.DEFAULT_CURR_SW ,DELETED.FMS_DTTM_STAMP ,DELETED.FMS_OPRID ,DELETED.FMS_LASTUPDDTTM ,DELETED.FMS_LASTUPDOPRID ,DELETED.LEVEL1 ,DELETED.LEVEL2 ,DELETED.LEVEL3 ,DELETED.LEVEL4 ,DELETED.LEVEL5 ,DELETED.LEVEL6 ,DELETED.LEVEL7 ,DELETED.LEVEL8 ,DELETED.LEVEL9 ,DELETED.LEVEL10 ,DELETED.LEVEL11 ,DELETED.LEVEL12 ,DELETED.LEVEL13 ,DELETED.LEVEL14 ,DELETED.LEVEL15 ,DELETED.LEVEL16 ,DELETED.LEVEL17 ,DELETED.LEVEL18 ,DELETED.LEVEL19 ,DELETED.LEVEL20 ,DELETED.LEVEL21 ,DELETED.LEVEL22 ,DELETED.LEVEL23 ,DELETED.LEVEL24 ,DELETED.LEVEL25 ,DELETED.LEVEL26 ,DELETED.LEVEL_NUM ,DELETED.ROW_NUMBER_5 ,DELETED.DEADLINE_DT ,DELETED.CONSTRAINT_DT ,DELETED.CONSTRAINT_TYPE ,DELETED.COSTING_ACT_SW ,DELETED.PC_ACT_OWNER ,DELETED.BILL_AMT ,DELETED.CURRENCY_CD ,DELETED.PC_ACT_DEF_CALC_MT ,DELETED.PARTICIPATING ,DELETED.P6_WBS_FLAG ,DELETED.SOURCE_SYSTEM_WID ,DELETED.INSERT_DATE ,DELETED.MD5_HASH ,DELETED.MD5_HASH_PK",BUSINESS_UNIT,PROJECT_ID,ACTIVITY_ID,,,,,,,,,,,,,,,,,,,,,
tf_NEO_PSFT_SNWFLKSTG_SNWFLKHIST,m_NEO_PSFT_SNWFLKSTG_SNWFLKHIST_DUMMY,mct_NEO_PSFT_SNWFLKSTG_SNWFLKHIST_PSFT_PS_PROJ_LOCATION,Hist_Merge_PSFT_PS_PROJ_LOCATION.bat,Hist_Merge_PSFT_PS_PROJ_LOCATION.py,PSFT_PS_PROJ_LOCATION_HIST,PSFT_PS_PROJ_LOCATION_STG,"BUSINESS_UNIT ,PROJECT_ID ,EFFDT ,EFFSEQ ,LOCATION ,LOCATION_FRACTION ,COUNTRY ,ADDRESS1 ,ADDRESS2 ,ADDRESS3 ,ADDRESS4 ,CITY ,NUM1 ,NUM2 ,HOUSE_TYPE ,ADDR_FIELD1 ,ADDR_FIELD2 ,ADDR_FIELD3 ,COUNTY ,STATE ,POSTAL ,GEO_CODE ,IN_CITY_LIMIT ,SOURCE_SYSTEM_WID ,INSERT_DATE ,MD5_HASH ,MD5_HASH_PK","STG.BUSINESS_UNIT ,STG.PROJECT_ID ,STG.EFFDT ,STG.EFFSEQ ,STG.LOCATION ,STG.LOCATION_FRACTION ,STG.COUNTRY ,STG.ADDRESS1 ,STG.ADDRESS2 ,STG.ADDRESS3 ,STG.ADDRESS4 ,STG.CITY ,STG.NUM1 ,STG.NUM2 ,STG.HOUSE_TYPE ,STG.ADDR_FIELD1 ,STG.ADDR_FIELD2 ,STG.ADDR_FIELD3 ,STG.COUNTY ,STG.STATE ,STG.POSTAL ,STG.GEO_CODE ,STG.IN_CITY_LIMIT ,STG.SOURCE_SYSTEM_WID ,STG.ETL_INSERT_DATE ,STG.MD5_HASH ,STG.MD5_HASH_PK","DELETED.BUSINESS_UNIT ,DELETED.PROJECT_ID ,DELETED.EFFDT ,DELETED.EFFSEQ ,DELETED.LOCATION ,DELETED.LOCATION_FRACTION ,DELETED.COUNTRY ,DELETED.ADDRESS1 ,DELETED.ADDRESS2 ,DELETED.ADDRESS3 ,DELETED.ADDRESS4 ,DELETED.CITY ,DELETED.NUM1 ,DELETED.NUM2 ,DELETED.HOUSE_TYPE ,DELETED.ADDR_FIELD1 ,DELETED.ADDR_FIELD2 ,DELETED.ADDR_FIELD3 ,DELETED.COUNTY ,DELETED.STATE ,DELETED.POSTAL ,DELETED.GEO_CODE ,DELETED.IN_CITY_LIMIT ,DELETED.SOURCE_SYSTEM_WID ,DELETED.INSERT_DATE ,DELETED.MD5_HASH ,DELETED.MD5_HASH_PK",BUSINESS_UNIT,PROJECT_ID,EFFDT,EFFSEQ,,,,,,,,,,,,,,,,,,,,
tf_NEO_PSFT_SNWFLKSTG_SNWFLKHIST,m_NEO_PSFT_SNWFLKSTG_SNWFLKHIST_DUMMY,mct_NEO_PSFT_SNWFLKSTG_SNWFLKHIST_PSFT_PS_PROJ_RESOURCE,Hist_Merge_PSFT_PS_PROJ_RESOURCE.bat,Hist_Merge_PSFT_PS_PROJ_RESOURCE.py,PSFT_PS_PROJ_RESOURCE_HIST,PSFT_PS_PROJ_RESOURCE_STG,"BUSINESS_UNIT ,PROJECT_ID ,ACTIVITY_ID ,RESOURCE_ID ,RESOURCE_ID_FROM ,BUSINESS_UNIT_GL ,JOURNAL_ID ,JOURNAL_DATE ,UNPOST_SEQ ,JOURNAL_LINE ,FISCAL_YEAR ,ACCOUNTING_PERIOD ,ACCOUNT ,ALTACCT ,DEPTID ,OPERATING_UNIT ,PRODUCT ,FUND_CODE ,CLASS_FLD ,PROGRAM_CODE ,BUDGET_REF ,AFFILIATE ,AFFILIATE_INTRA1 ,AFFILIATE_INTRA2 ,CHARTFIELD1 ,CHARTFIELD2 ,CHARTFIELD3 ,BUS_UNIT_GL_FROM ,CURRENCY_CD ,STATISTICS_CODE ,LEDGER_GROUP ,ANALYSIS_TYPE ,RESOURCE_TYPE ,RESOURCE_CATEGORY ,RESOURCE_SUB_CAT ,RES_USER1 ,RES_USER2 ,RES_USER3 ,RES_USER4 ,RES_USER5 ,TRANS_DT ,ACCOUNTING_DT ,OPRID ,DTTM_STAMP ,JRNL_LN_REF ,OPEN_ITEM_STATUS ,LINE_DESCR ,JRNL_LINE_STATUS ,JOURNAL_LINE_DATE ,FOREIGN_CURRENCY ,RT_TYPE ,FOREIGN_AMOUNT ,RATE_MULT ,RATE_DIV ,CUR_EFFDT ,PROCESS_INSTANCE ,PC_DISTRIB_STATUS ,GL_DISTRIB_STATUS ,PROJ_TRANS_TYPE ,PROJ_TRANS_CODE ,RESOURCE_STATUS ,DESCR ,SYSTEM_SOURCE ,UNIT_OF_MEASURE ,EMPLID ,EMPL_RCD ,SEQ_NBR ,TIME_RPTG_CD ,JOBCODE ,COMPANY ,BUSINESS_UNIT_AP ,VENDOR_ID ,VOUCHER_ID ,VOUCHER_LINE_NUM ,APPL_JRNL_ID ,PYMNT_CNT ,DST_ACCT_TYPE ,PO_DISTRIB_STATUS ,BUSINESS_UNIT_PO ,REQ_ID ,REQ_LINE_NBR ,REQ_SCHED_NBR ,REQ_DISTRIB_NBR ,PO_ID ,DUE_DATE ,LINE_NBR ,SCHED_NBR ,DISTRIB_LINE_NUM ,AM_DISTRIB_STATUS ,BUSINESS_UNIT_AM ,ASSET_ID ,PROFILE_ID ,COST_TYPE ,BOOK ,INCENTIVE_ID ,MSTONE_SEQ ,CONTRACT_NUM ,CONTRACT_LINE_NUM ,CONTRACT_PPD_SEQ ,BI_DISTRIB_STATUS ,BUSINESS_UNIT_BI ,BILLING_DATE ,INVOICE ,REV_DISTRIB_STATUS ,BUSINESS_UNIT_AR ,CUST_ID ,ITEM ,ITEM_LINE ,ITEM_SEQ_NUM ,DST_SEQ_NUM ,BUSINESS_UNIT_IN ,SCHED_LINE_NO ,DEMAND_LINE_NO ,INV_ITEM_ID ,PAY_END_DT ,BUSINESS_UNIT_OM ,ORDER_NO ,ORDER_INT_LINE_NO ,EX_DOC_ID ,EX_DOC_TYPE ,RESOURCE_QUANTITY ,RESOURCE_AMOUNT ,BUDGET_HDR_STATUS ,KK_AMOUNT_TYPE ,KK_TRAN_OVER_FLAG ,KK_TRAN_OVER_OPRID ,KK_TRAN_OVER_DTTM ,BUDGET_OVER_ALLOW ,BUDGET_LINE_STATUS ,BUDGET_DT ,LEDGER ,BD_DISTRIB_STATUS ,BUSINESS_UNIT_BD ,FA_STATUS ,TIME_SHEET_ID ,SHEET_ID ,DT_TIMESTAMP ,VCHR_DIST_LINE_NUM ,PM_REVIEWED ,PRICED_RATE ,ACTIVITY_ID_DETAIL ,CST_DISTRIB_STATUS ,TXN_LMT_TRANS_ID ,EVENT_NUM ,CA_FEE_STATUS ,BUSINESS_UNIT_WO ,WO_ID ,WO_TASK_ID ,RSRC_TYPE ,RES_LN_NBR ,COMPRESS_ID ,AMOUNT_IN_EXCESS ,RECLAIMED_FROM_OL ,FND_DIST_STATUS ,SEQ_TRANS_ID ,DIST_TRANS_ID ,ADJ_LINE_TYPE ,FEEDER_SUM_ID ,PRICE_SUM_ID ,SOURCE_SYSTEM_WID ,INSERT_DATE ,DEPOSIT_BU ,DEPOSIT_ID ,PAYMENT_SEQ_NUM ,MD5_HASH ,MD5_HASH_PK","STG.BUSINESS_UNIT ,STG.PROJECT_ID ,STG.ACTIVITY_ID ,STG.RESOURCE_ID ,STG.RESOURCE_ID_FROM ,STG.BUSINESS_UNIT_GL ,STG.JOURNAL_ID ,STG.JOURNAL_DATE ,STG.UNPOST_SEQ ,STG.JOURNAL_LINE ,STG.FISCAL_YEAR ,STG.ACCOUNTING_PERIOD ,STG.ACCOUNT ,STG.ALTACCT ,STG.DEPTID ,STG.OPERATING_UNIT ,STG.PRODUCT ,STG.FUND_CODE ,STG.CLASS_FLD ,STG.PROGRAM_CODE ,STG.BUDGET_REF ,STG.AFFILIATE ,STG.AFFILIATE_INTRA1 ,STG.AFFILIATE_INTRA2 ,STG.CHARTFIELD1 ,STG.CHARTFIELD2 ,STG.CHARTFIELD3 ,STG.BUS_UNIT_GL_FROM ,STG.CURRENCY_CD ,STG.STATISTICS_CODE ,STG.LEDGER_GROUP ,STG.ANALYSIS_TYPE ,STG.RESOURCE_TYPE ,STG.RESOURCE_CATEGORY ,STG.RESOURCE_SUB_CAT ,STG.RES_USER1 ,STG.RES_USER2 ,STG.RES_USER3 ,STG.RES_USER4 ,STG.RES_USER5 ,STG.TRANS_DT ,STG.ACCOUNTING_DT ,STG.OPRID ,STG.DTTM_STAMP ,STG.JRNL_LN_REF ,STG.OPEN_ITEM_STATUS ,STG.LINE_DESCR ,STG.JRNL_LINE_STATUS ,STG.JOURNAL_LINE_DATE ,STG.FOREIGN_CURRENCY ,STG.RT_TYPE ,STG.FOREIGN_AMOUNT ,STG.RATE_MULT ,STG.RATE_DIV ,STG.CUR_EFFDT ,STG.PROCESS_INSTANCE ,STG.PC_DISTRIB_STATUS ,STG.GL_DISTRIB_STATUS ,STG.PROJ_TRANS_TYPE ,STG.PROJ_TRANS_CODE ,STG.RESOURCE_STATUS ,STG.DESCR ,STG.SYSTEM_SOURCE ,STG.UNIT_OF_MEASURE ,STG.EMPLID ,STG.EMPL_RCD ,STG.SEQ_NBR ,STG.TIME_RPTG_CD ,STG.JOBCODE ,STG.COMPANY ,STG.BUSINESS_UNIT_AP ,STG.VENDOR_ID ,STG.VOUCHER_ID ,STG.VOUCHER_LINE_NUM ,STG.APPL_JRNL_ID ,STG.PYMNT_CNT ,STG.DST_ACCT_TYPE ,STG.PO_DISTRIB_STATUS ,STG.BUSINESS_UNIT_PO ,STG.REQ_ID ,STG.REQ_LINE_NBR ,STG.REQ_SCHED_NBR ,STG.REQ_DISTRIB_NBR ,STG.PO_ID ,STG.DUE_DATE ,STG.LINE_NBR ,STG.SCHED_NBR ,STG.DISTRIB_LINE_NUM ,STG.AM_DISTRIB_STATUS ,STG.BUSINESS_UNIT_AM ,STG.ASSET_ID ,STG.PROFILE_ID ,STG.COST_TYPE ,STG.BOOK ,STG.INCENTIVE_ID ,STG.MSTONE_SEQ ,STG.CONTRACT_NUM ,STG.CONTRACT_LINE_NUM ,STG.CONTRACT_PPD_SEQ ,STG.BI_DISTRIB_STATUS ,STG.BUSINESS_UNIT_BI ,STG.BILLING_DATE ,STG.INVOICE ,STG.REV_DISTRIB_STATUS ,STG.BUSINESS_UNIT_AR ,STG.CUST_ID ,STG.ITEM ,STG.ITEM_LINE ,STG.ITEM_SEQ_NUM ,STG.DST_SEQ_NUM ,STG.BUSINESS_UNIT_IN ,STG.SCHED_LINE_NO ,STG.DEMAND_LINE_NO ,STG.INV_ITEM_ID ,STG.PAY_END_DT ,STG.BUSINESS_UNIT_OM ,STG.ORDER_NO ,STG.ORDER_INT_LINE_NO ,STG.EX_DOC_ID ,STG.EX_DOC_TYPE ,STG.RESOURCE_QUANTITY ,STG.RESOURCE_AMOUNT ,STG.BUDGET_HDR_STATUS ,STG.KK_AMOUNT_TYPE ,STG.KK_TRAN_OVER_FLAG ,STG.KK_TRAN_OVER_OPRID ,STG.KK_TRAN_OVER_DTTM ,STG.BUDGET_OVER_ALLOW ,STG.BUDGET_LINE_STATUS ,STG.BUDGET_DT ,STG.LEDGER ,STG.BD_DISTRIB_STATUS ,STG.BUSINESS_UNIT_BD ,STG.FA_STATUS ,STG.TIME_SHEET_ID ,STG.SHEET_ID ,STG.DT_TIMESTAMP ,STG.VCHR_DIST_LINE_NUM ,STG.PM_REVIEWED ,STG.PRICED_RATE ,STG.ACTIVITY_ID_DETAIL ,STG.CST_DISTRIB_STATUS ,STG.TXN_LMT_TRANS_ID ,STG.EVENT_NUM ,STG.CA_FEE_STATUS ,STG.BUSINESS_UNIT_WO ,STG.WO_ID ,STG.WO_TASK_ID ,STG.RSRC_TYPE ,STG.RES_LN_NBR ,STG.COMPRESS_ID ,STG.AMOUNT_IN_EXCESS ,STG.RECLAIMED_FROM_OL ,STG.FND_DIST_STATUS ,STG.SEQ_TRANS_ID ,STG.DIST_TRANS_ID ,STG.ADJ_LINE_TYPE ,STG.FEEDER_SUM_ID ,STG.PRICE_SUM_ID ,STG.SOURCE_SYSTEM_WID ,STG.ETL_INSERT_DATE ,STG.DEPOSIT_BU ,STG.DEPOSIT_ID ,STG.PAYMENT_SEQ_NUM ,STG.MD5_HASH ,STG.MD5_HASH_PK","DELETED.BUSINESS_UNIT ,DELETED.PROJECT_ID ,DELETED.ACTIVITY_ID ,DELETED.RESOURCE_ID ,DELETED.RESOURCE_ID_FROM ,DELETED.BUSINESS_UNIT_GL ,DELETED.JOURNAL_ID ,DELETED.JOURNAL_DATE ,DELETED.UNPOST_SEQ ,DELETED.JOURNAL_LINE ,DELETED.FISCAL_YEAR ,DELETED.ACCOUNTING_PERIOD ,DELETED.ACCOUNT ,DELETED.ALTACCT ,DELETED.DEPTID ,DELETED.OPERATING_UNIT ,DELETED.PRODUCT ,DELETED.FUND_CODE ,DELETED.CLASS_FLD ,DELETED.PROGRAM_CODE ,DELETED.BUDGET_REF ,DELETED.AFFILIATE ,DELETED.AFFILIATE_INTRA1 ,DELETED.AFFILIATE_INTRA2 ,DELETED.CHARTFIELD1 ,DELETED.CHARTFIELD2 ,DELETED.CHARTFIELD3 ,DELETED.BUS_UNIT_GL_FROM ,DELETED.CURRENCY_CD ,DELETED.STATISTICS_CODE ,DELETED.LEDGER_GROUP ,DELETED.ANALYSIS_TYPE ,DELETED.RESOURCE_TYPE ,DELETED.RESOURCE_CATEGORY ,DELETED.RESOURCE_SUB_CAT ,DELETED.RES_USER1 ,DELETED.RES_USER2 ,DELETED.RES_USER3 ,DELETED.RES_USER4 ,DELETED.RES_USER5 ,DELETED.TRANS_DT ,DELETED.ACCOUNTING_DT ,DELETED.OPRID ,DELETED.DTTM_STAMP ,DELETED.JRNL_LN_REF ,DELETED.OPEN_ITEM_STATUS ,DELETED.LINE_DESCR ,DELETED.JRNL_LINE_STATUS ,DELETED.JOURNAL_LINE_DATE ,DELETED.FOREIGN_CURRENCY ,DELETED.RT_TYPE ,DELETED.FOREIGN_AMOUNT ,DELETED.RATE_MULT ,DELETED.RATE_DIV ,DELETED.CUR_EFFDT ,DELETED.PROCESS_INSTANCE ,DELETED.PC_DISTRIB_STATUS ,DELETED.GL_DISTRIB_STATUS ,DELETED.PROJ_TRANS_TYPE ,DELETED.PROJ_TRANS_CODE ,DELETED.RESOURCE_STATUS ,DELETED.DESCR ,DELETED.SYSTEM_SOURCE ,DELETED.UNIT_OF_MEASURE ,DELETED.EMPLID ,DELETED.EMPL_RCD ,DELETED.SEQ_NBR ,DELETED.TIME_RPTG_CD ,DELETED.JOBCODE ,DELETED.COMPANY ,DELETED.BUSINESS_UNIT_AP ,DELETED.VENDOR_ID ,DELETED.VOUCHER_ID ,DELETED.VOUCHER_LINE_NUM ,DELETED.APPL_JRNL_ID ,DELETED.PYMNT_CNT ,DELETED.DST_ACCT_TYPE ,DELETED.PO_DISTRIB_STATUS ,DELETED.BUSINESS_UNIT_PO ,DELETED.REQ_ID ,DELETED.REQ_LINE_NBR ,DELETED.REQ_SCHED_NBR ,DELETED.REQ_DISTRIB_NBR ,DELETED.PO_ID ,DELETED.DUE_DATE ,DELETED.LINE_NBR ,DELETED.SCHED_NBR ,DELETED.DISTRIB_LINE_NUM ,DELETED.AM_DISTRIB_STATUS ,DELETED.BUSINESS_UNIT_AM ,DELETED.ASSET_ID ,DELETED.PROFILE_ID ,DELETED.COST_TYPE ,DELETED.BOOK ,DELETED.INCENTIVE_ID ,DELETED.MSTONE_SEQ ,DELETED.CONTRACT_NUM ,DELETED.CONTRACT_LINE_NUM ,DELETED.CONTRACT_PPD_SEQ ,DELETED.BI_DISTRIB_STATUS ,DELETED.BUSINESS_UNIT_BI ,DELETED.BILLING_DATE ,DELETED.INVOICE ,DELETED.REV_DISTRIB_STATUS ,DELETED.BUSINESS_UNIT_AR ,DELETED.CUST_ID ,DELETED.ITEM ,DELETED.ITEM_LINE ,DELETED.ITEM_SEQ_NUM ,DELETED.DST_SEQ_NUM ,DELETED.BUSINESS_UNIT_IN ,DELETED.SCHED_LINE_NO ,DELETED.DEMAND_LINE_NO ,DELETED.INV_ITEM_ID ,DELETED.PAY_END_DT ,DELETED.BUSINESS_UNIT_OM ,DELETED.ORDER_NO ,DELETED.ORDER_INT_LINE_NO ,DELETED.EX_DOC_ID ,DELETED.EX_DOC_TYPE ,DELETED.RESOURCE_QUANTITY ,DELETED.RESOURCE_AMOUNT ,DELETED.BUDGET_HDR_STATUS ,DELETED.KK_AMOUNT_TYPE ,DELETED.KK_TRAN_OVER_FLAG ,DELETED.KK_TRAN_OVER_OPRID ,DELETED.KK_TRAN_OVER_DTTM ,DELETED.BUDGET_OVER_ALLOW ,DELETED.BUDGET_LINE_STATUS ,DELETED.BUDGET_DT ,DELETED.LEDGER ,DELETED.BD_DISTRIB_STATUS ,DELETED.BUSINESS_UNIT_BD ,DELETED.FA_STATUS ,DELETED.TIME_SHEET_ID ,DELETED.SHEET_ID ,DELETED.DT_TIMESTAMP ,DELETED.VCHR_DIST_LINE_NUM ,DELETED.PM_REVIEWED ,DELETED.PRICED_RATE ,DELETED.ACTIVITY_ID_DETAIL ,DELETED.CST_DISTRIB_STATUS ,DELETED.TXN_LMT_TRANS_ID ,DELETED.EVENT_NUM ,DELETED.CA_FEE_STATUS ,DELETED.BUSINESS_UNIT_WO ,DELETED.WO_ID ,DELETED.WO_TASK_ID ,DELETED.RSRC_TYPE ,DELETED.RES_LN_NBR ,DELETED.COMPRESS_ID ,DELETED.AMOUNT_IN_EXCESS ,DELETED.RECLAIMED_FROM_OL ,DELETED.FND_DIST_STATUS ,DELETED.SEQ_TRANS_ID ,DELETED.DIST_TRANS_ID ,DELETED.ADJ_LINE_TYPE ,DELETED.FEEDER_SUM_ID ,DELETED.PRICE_SUM_ID ,DELETED.SOURCE_SYSTEM_WID ,DELETED.INSERT_DATE ,DELETED.DEPOSIT_BU ,DELETED.DEPOSIT_ID ,DELETED.PAYMENT_SEQ_NUM ,DELETED.MD5_HASH ,DELETED.MD5_HASH_PK",BUSINESS_UNIT,PROJECT_ID,ACTIVITY_ID,RESOURCE_ID,,,,,,,,,,,,,,,,,,,,
tf_NEO_PSFT_SNWFLKSTG_SNWFLKHIST,m_NEO_PSFT_SNWFLKSTG_SNWFLKHIST_DUMMY,mct_NEO_PSFT_SNWFLKSTG_SNWFLKHIST_PSFT_PS_RT_INDEX_TBL,Hist_Merge_PSFT_PS_RT_INDEX_TBL.bat,Hist_Merge_PSFT_PS_RT_INDEX_TBL.py,PSFT_PS_RT_INDEX_TBL_HIST,PSFT_PS_RT_INDEX_TBL_STG,"RT_RATE_INDEX ,RT_CATEGORY ,DESCR ,DECIMAL_POSITIONS ,DEFAULT_INDEX ,SOURCE_SYSTEM_WID ,INSERT_DATE ,MD5_HASH ,MD5_HASH_PK","STG.RT_RATE_INDEX ,STG.RT_CATEGORY ,STG.DESCR ,STG.DECIMAL_POSITIONS ,STG.DEFAULT_INDEX ,STG.SOURCE_SYSTEM_WID ,STG.ETL_INSERT_DATE ,STG.MD5_HASH ,STG.MD5_HASH_PK","DELETED.RT_RATE_INDEX ,DELETED.RT_CATEGORY ,DELETED.DESCR ,DELETED.DECIMAL_POSITIONS ,DELETED.DEFAULT_INDEX ,DELETED.SOURCE_SYSTEM_WID ,DELETED.INSERT_DATE ,DELETED.MD5_HASH ,DELETED.MD5_HASH_PK",RT_RATE_INDEX,,,,,,,,,,,,,,,,,,,,,,,
tf_NEO_PSFT_SNWFLKSTG_SNWFLKHIST,m_NEO_PSFT_SNWFLKSTG_SNWFLKHIST_DUMMY,mct_NEO_PSFT_SNWFLKSTG_SNWFLKHIST_PSFT_PS_RT_RATE_TBL,Hist_Merge_PSFT_PS_RT_RATE_TBL.bat,Hist_Merge_PSFT_PS_RT_RATE_TBL.py,PSFT_PS_RT_RATE_TBL_HIST,PSFT_PS_RT_RATE_TBL_STG,"RT_RATE_INDEX ,TERM ,FROM_CUR ,TO_CUR ,RT_TYPE ,EFFDT ,RATE_MULT ,RATE_DIV ,SYNCID ,LASTUPDDTTM ,SOURCE_SYSTEM_WID ,INSERT_DATE ,MD5_HASH ,MD5_HASH_PK","STG.RT_RATE_INDEX ,STG.TERM ,STG.FROM_CUR ,STG.TO_CUR ,STG.RT_TYPE ,STG.EFFDT ,STG.RATE_MULT ,STG.RATE_DIV ,STG.SYNCID ,STG.LASTUPDDTTM ,STG.SOURCE_SYSTEM_WID ,STG.ETL_INSERT_DATE ,STG.MD5_HASH ,STG.MD5_HASH_PK","DELETED.RT_RATE_INDEX ,DELETED.TERM ,DELETED.FROM_CUR ,DELETED.TO_CUR ,DELETED.RT_TYPE ,DELETED.EFFDT ,DELETED.RATE_MULT ,DELETED.RATE_DIV ,DELETED.SYNCID ,DELETED.LASTUPDDTTM ,DELETED.SOURCE_SYSTEM_WID ,DELETED.INSERT_DATE ,DELETED.MD5_HASH ,DELETED.MD5_HASH_PK",RT_RATE_INDEX,TERM,FROM_CUR,TO_CUR,RT_TYPE,EFFDT,,,,,,,,,,,,,,,,,,
tf_NEO_PSFT_SNWFLKSTG_SNWFLKHIST,m_NEO_PSFT_SNWFLKSTG_SNWFLKHIST_DUMMY,mct_NEO_PSFT_SNWFLKSTG_SNWFLKHIST_PSFT_PS_SET_CNTRL_GROUP,Hist_Merge_PSFT_PS_SET_CNTRL_GROUP.bat,Hist_Merge_PSFT_PS_SET_CNTRL_GROUP.py,PSFT_PS_SET_CNTRL_GROUP_HIST,PSFT_PS_SET_CNTRL_GROUP_STG,"SETCNTRLVALUE ,REC_GROUP_ID ,SETID ,SOURCE_SYSTEM_WID ,INSERT_DATE ,MD5_HASH ,MD5_HASH_PK","STG.SETCNTRLVALUE ,STG.REC_GROUP_ID ,STG.SETID ,STG.SOURCE_SYSTEM_WID ,STG.ETL_INSERT_DATE ,STG.MD5_HASH ,STG.MD5_HASH_PK","DELETED.SETCNTRLVALUE ,DELETED.REC_GROUP_ID ,DELETED.SETID ,DELETED.SOURCE_SYSTEM_WID ,DELETED.INSERT_DATE ,DELETED.MD5_HASH ,DELETED.MD5_HASH_PK",SETCNTRLVALUE,REC_GROUP_ID,,,,,,,,,,,,,,,,,,,,,,
tf_NEO_PSFT_SNWFLKSTG_SNWFLKHIST,m_NEO_PSFT_SNWFLKSTG_SNWFLKHIST_DUMMY,mct_NEO_PSFT_SNWFLKSTG_SNWFLKHIST_PSFT_PS_TREE_NODE_TBL,Hist_Merge_PSFT_PS_TREE_NODE_TBL.bat,Hist_Merge_PSFT_PS_TREE_NODE_TBL.py,PSFT_PS_TREE_NODE_TBL_HIST,PSFT_PS_TREE_NODE_TBL_STG,"SETID ,TREE_NODE ,EFFDT ,EFF_STATUS ,DESCR ,SOURCE_SYSTEM_WID ,INSERT_DATE ,MD5_HASH ,MD5_HASH_PK","STG.SETID ,STG.TREE_NODE ,STG.EFFDT ,STG.EFF_STATUS ,STG.DESCR ,STG.SOURCE_SYSTEM_WID ,STG.ETL_INSERT_DATE ,STG.MD5_HASH ,STG.MD5_HASH_PK","DELETED.SETID ,DELETED.TREE_NODE ,DELETED.EFFDT ,DELETED.EFF_STATUS ,DELETED.DESCR ,DELETED.SOURCE_SYSTEM_WID ,DELETED.INSERT_DATE ,DELETED.MD5_HASH ,DELETED.MD5_HASH_PK",SETID,TREE_NODE,EFFDT,,,,,,,,,,,,,,,,,,,,,
